file,line,type,commit,author,date,time,timezone,datetime,depth,length
styles/globals.css,1,css,cb740eff,Carter Tran,2025-04-10,01:11:31,-07:00,2025-04-10T01:11:31-07:00,0,14
styles/globals.css,2,css,cb740eff,Carter Tran,2025-04-10,01:11:31,-07:00,2025-04-10T01:11:31-07:00,0,20
styles/globals.css,3,css,cb740eff,Carter Tran,2025-04-10,01:11:31,-07:00,2025-04-10T01:11:31-07:00,0,19
styles/globals.css,4,css,cb740eff,Carter Tran,2025-04-10,01:11:31,-07:00,2025-04-10T01:11:31-07:00,0,0
styles/globals.css,5,css,cb740eff,Carter Tran,2025-04-10,01:11:31,-07:00,2025-04-10T01:11:31-07:00,0,5
styles/globals.css,6,css,cb740eff,Carter Tran,2025-04-10,01:11:31,-07:00,2025-04-10T01:11:31-07:00,0,41
styles/globals.css,7,css,cb740eff,Carter Tran,2025-04-10,01:11:31,-07:00,2025-04-10T01:11:31-07:00,0,0
styles/globals.css,8,css,cb740eff,Carter Tran,2025-04-10,01:11:31,-07:00,2025-04-10T01:11:31-07:00,0,0
styles/globals.css,9,css,cb740eff,Carter Tran,2025-04-10,01:11:31,-07:00,2025-04-10T01:11:31-07:00,0,17
styles/globals.css,10,css,cb740eff,Carter Tran,2025-04-10,01:11:31,-07:00,2025-04-10T01:11:31-07:00,0,14
styles/globals.css,11,css,cb740eff,Carter Tran,2025-04-10,01:11:31,-07:00,2025-04-10T01:11:31-07:00,0,18
styles/globals.css,12,css,cb740eff,Carter Tran,2025-04-10,01:11:31,-07:00,2025-04-10T01:11:31-07:00,0,0
styles/globals.css,13,css,cb740eff,Carter Tran,2025-04-10,01:11:31,-07:00,2025-04-10T01:11:31-07:00,0,0
styles/globals.css,14,css,cb740eff,Carter Tran,2025-04-10,01:11:31,-07:00,2025-04-10T01:11:31-07:00,0,0
styles/globals.css,15,css,cb740eff,Carter Tran,2025-04-10,01:11:31,-07:00,2025-04-10T01:11:31-07:00,0,12
styles/globals.css,16,css,cb740eff,Carter Tran,2025-04-10,01:11:31,-07:00,2025-04-10T01:11:31-07:00,0,6
styles/globals.css,17,css,cb740eff,Carter Tran,2025-04-10,01:11:31,-07:00,2025-04-10T01:11:31-07:00,0,23
styles/globals.css,18,css,cb740eff,Carter Tran,2025-04-10,01:11:31,-07:00,2025-04-10T01:11:31-07:00,0,23
styles/globals.css,19,css,cb740eff,Carter Tran,2025-04-10,01:11:31,-07:00,2025-04-10T01:11:31-07:00,0,17
styles/globals.css,20,css,cb740eff,Carter Tran,2025-04-10,01:11:31,-07:00,2025-04-10T01:11:31-07:00,0,28
styles/globals.css,21,css,cb740eff,Carter Tran,2025-04-10,01:11:31,-07:00,2025-04-10T01:11:31-07:00,0,20
styles/globals.css,22,css,cb740eff,Carter Tran,2025-04-10,01:11:31,-07:00,2025-04-10T01:11:31-07:00,0,31
styles/globals.css,23,css,cb740eff,Carter Tran,2025-04-10,01:11:31,-07:00,2025-04-10T01:11:31-07:00,0,18
styles/globals.css,24,css,cb740eff,Carter Tran,2025-04-10,01:11:31,-07:00,2025-04-10T01:11:31-07:00,0,30
styles/globals.css,25,css,cb740eff,Carter Tran,2025-04-10,01:11:31,-07:00,2025-04-10T01:11:31-07:00,0,23
styles/globals.css,26,css,cb740eff,Carter Tran,2025-04-10,01:11:31,-07:00,2025-04-10T01:11:31-07:00,0,31
styles/globals.css,27,css,cb740eff,Carter Tran,2025-04-10,01:11:31,-07:00,2025-04-10T01:11:31-07:00,0,19
styles/globals.css,28,css,cb740eff,Carter Tran,2025-04-10,01:11:31,-07:00,2025-04-10T01:11:31-07:00,0,30
styles/globals.css,29,css,cb740eff,Carter Tran,2025-04-10,01:11:31,-07:00,2025-04-10T01:11:31-07:00,0,20
styles/globals.css,30,css,cb740eff,Carter Tran,2025-04-10,01:11:31,-07:00,2025-04-10T01:11:31-07:00,0,28
styles/globals.css,31,css,cb740eff,Carter Tran,2025-04-10,01:11:31,-07:00,2025-04-10T01:11:31-07:00,0,28
styles/globals.css,32,css,cb740eff,Carter Tran,2025-04-10,01:11:31,-07:00,2025-04-10T01:11:31-07:00,0,34
styles/globals.css,33,css,cb740eff,Carter Tran,2025-04-10,01:11:31,-07:00,2025-04-10T01:11:31-07:00,0,20
styles/globals.css,34,css,cb740eff,Carter Tran,2025-04-10,01:11:31,-07:00,2025-04-10T01:11:31-07:00,0,19
styles/globals.css,35,css,cb740eff,Carter Tran,2025-04-10,01:11:31,-07:00,2025-04-10T01:11:31-07:00,0,17
styles/globals.css,36,css,cb740eff,Carter Tran,2025-04-10,01:11:31,-07:00,2025-04-10T01:11:31-07:00,0,21
styles/globals.css,37,css,cb740eff,Carter Tran,2025-04-10,01:11:31,-07:00,2025-04-10T01:11:31-07:00,0,22
styles/globals.css,38,css,cb740eff,Carter Tran,2025-04-10,01:11:31,-07:00,2025-04-10T01:11:31-07:00,0,22
styles/globals.css,39,css,cb740eff,Carter Tran,2025-04-10,01:11:31,-07:00,2025-04-10T01:11:31-07:00,0,21
styles/globals.css,40,css,cb740eff,Carter Tran,2025-04-10,01:11:31,-07:00,2025-04-10T01:11:31-07:00,0,21
styles/globals.css,41,css,cb740eff,Carter Tran,2025-04-10,01:11:31,-07:00,2025-04-10T01:11:31-07:00,0,16
styles/globals.css,42,css,cb740eff,Carter Tran,2025-04-10,01:11:31,-07:00,2025-04-10T01:11:31-07:00,0,30
styles/globals.css,43,css,cb740eff,Carter Tran,2025-04-10,01:11:31,-07:00,2025-04-10T01:11:31-07:00,0,36
styles/globals.css,44,css,cb740eff,Carter Tran,2025-04-10,01:11:31,-07:00,2025-04-10T01:11:31-07:00,0,31
styles/globals.css,45,css,cb740eff,Carter Tran,2025-04-10,01:11:31,-07:00,2025-04-10T01:11:31-07:00,0,38
styles/globals.css,46,css,cb740eff,Carter Tran,2025-04-10,01:11:31,-07:00,2025-04-10T01:11:31-07:00,0,32
styles/globals.css,47,css,cb740eff,Carter Tran,2025-04-10,01:11:31,-07:00,2025-04-10T01:11:31-07:00,0,41
styles/globals.css,48,css,cb740eff,Carter Tran,2025-04-10,01:11:31,-07:00,2025-04-10T01:11:31-07:00,0,29
styles/globals.css,49,css,cb740eff,Carter Tran,2025-04-10,01:11:31,-07:00,2025-04-10T01:11:31-07:00,0,33
styles/globals.css,50,css,cb740eff,Carter Tran,2025-04-10,01:11:31,-07:00,2025-04-10T01:11:31-07:00,0,0
styles/globals.css,51,css,cb740eff,Carter Tran,2025-04-10,01:11:31,-07:00,2025-04-10T01:11:31-07:00,0,6
styles/globals.css,52,css,cb740eff,Carter Tran,2025-04-10,01:11:31,-07:00,2025-04-10T01:11:31-07:00,0,23
styles/globals.css,53,css,cb740eff,Carter Tran,2025-04-10,01:11:31,-07:00,2025-04-10T01:11:31-07:00,0,22
styles/globals.css,54,css,cb740eff,Carter Tran,2025-04-10,01:11:31,-07:00,2025-04-10T01:11:31-07:00,0,17
styles/globals.css,55,css,cb740eff,Carter Tran,2025-04-10,01:11:31,-07:00,2025-04-10T01:11:31-07:00,0,27
styles/globals.css,56,css,cb740eff,Carter Tran,2025-04-10,01:11:31,-07:00,2025-04-10T01:11:31-07:00,0,20
styles/globals.css,57,css,cb740eff,Carter Tran,2025-04-10,01:11:31,-07:00,2025-04-10T01:11:31-07:00,0,30
styles/globals.css,58,css,cb740eff,Carter Tran,2025-04-10,01:11:31,-07:00,2025-04-10T01:11:31-07:00,0,19
styles/globals.css,59,css,cb740eff,Carter Tran,2025-04-10,01:11:31,-07:00,2025-04-10T01:11:31-07:00,0,29
styles/globals.css,60,css,cb740eff,Carter Tran,2025-04-10,01:11:31,-07:00,2025-04-10T01:11:31-07:00,0,23
styles/globals.css,61,css,cb740eff,Carter Tran,2025-04-10,01:11:31,-07:00,2025-04-10T01:11:31-07:00,0,32
styles/globals.css,62,css,cb740eff,Carter Tran,2025-04-10,01:11:31,-07:00,2025-04-10T01:11:31-07:00,0,19
styles/globals.css,63,css,cb740eff,Carter Tran,2025-04-10,01:11:31,-07:00,2025-04-10T01:11:31-07:00,0,30
styles/globals.css,64,css,cb740eff,Carter Tran,2025-04-10,01:11:31,-07:00,2025-04-10T01:11:31-07:00,0,20
styles/globals.css,65,css,cb740eff,Carter Tran,2025-04-10,01:11:31,-07:00,2025-04-10T01:11:31-07:00,0,29
styles/globals.css,66,css,cb740eff,Carter Tran,2025-04-10,01:11:31,-07:00,2025-04-10T01:11:31-07:00,0,28
styles/globals.css,67,css,cb740eff,Carter Tran,2025-04-10,01:11:31,-07:00,2025-04-10T01:11:31-07:00,0,34
styles/globals.css,68,css,cb740eff,Carter Tran,2025-04-10,01:11:31,-07:00,2025-04-10T01:11:31-07:00,0,20
styles/globals.css,69,css,cb740eff,Carter Tran,2025-04-10,01:11:31,-07:00,2025-04-10T01:11:31-07:00,0,19
styles/globals.css,70,css,cb740eff,Carter Tran,2025-04-10,01:11:31,-07:00,2025-04-10T01:11:31-07:00,0,18
styles/globals.css,71,css,cb740eff,Carter Tran,2025-04-10,01:11:31,-07:00,2025-04-10T01:11:31-07:00,0,22
styles/globals.css,72,css,cb740eff,Carter Tran,2025-04-10,01:11:31,-07:00,2025-04-10T01:11:31-07:00,0,22
styles/globals.css,73,css,cb740eff,Carter Tran,2025-04-10,01:11:31,-07:00,2025-04-10T01:11:31-07:00,0,21
styles/globals.css,74,css,cb740eff,Carter Tran,2025-04-10,01:11:31,-07:00,2025-04-10T01:11:31-07:00,0,22
styles/globals.css,75,css,cb740eff,Carter Tran,2025-04-10,01:11:31,-07:00,2025-04-10T01:11:31-07:00,0,22
styles/globals.css,76,css,cb740eff,Carter Tran,2025-04-10,01:11:31,-07:00,2025-04-10T01:11:31-07:00,0,34
styles/globals.css,77,css,cb740eff,Carter Tran,2025-04-10,01:11:31,-07:00,2025-04-10T01:11:31-07:00,0,36
styles/globals.css,78,css,cb740eff,Carter Tran,2025-04-10,01:11:31,-07:00,2025-04-10T01:11:31-07:00,0,34
styles/globals.css,79,css,cb740eff,Carter Tran,2025-04-10,01:11:31,-07:00,2025-04-10T01:11:31-07:00,0,39
styles/globals.css,80,css,cb740eff,Carter Tran,2025-04-10,01:11:31,-07:00,2025-04-10T01:11:31-07:00,0,32
styles/globals.css,81,css,cb740eff,Carter Tran,2025-04-10,01:11:31,-07:00,2025-04-10T01:11:31-07:00,0,43
styles/globals.css,82,css,cb740eff,Carter Tran,2025-04-10,01:11:31,-07:00,2025-04-10T01:11:31-07:00,0,32
styles/globals.css,83,css,cb740eff,Carter Tran,2025-04-10,01:11:31,-07:00,2025-04-10T01:11:31-07:00,0,33
styles/globals.css,84,css,cb740eff,Carter Tran,2025-04-10,01:11:31,-07:00,2025-04-10T01:11:31-07:00,0,0
styles/globals.css,85,css,cb740eff,Carter Tran,2025-04-10,01:11:31,-07:00,2025-04-10T01:11:31-07:00,0,0
styles/globals.css,86,css,cb740eff,Carter Tran,2025-04-10,01:11:31,-07:00,2025-04-10T01:11:31-07:00,0,0
styles/globals.css,87,css,cb740eff,Carter Tran,2025-04-10,01:11:31,-07:00,2025-04-10T01:11:31-07:00,0,12
styles/globals.css,88,css,cb740eff,Carter Tran,2025-04-10,01:11:31,-07:00,2025-04-10T01:11:31-07:00,0,2
styles/globals.css,89,css,cb740eff,Carter Tran,2025-04-10,01:11:31,-07:00,2025-04-10T01:11:31-07:00,0,20
styles/globals.css,90,css,cb740eff,Carter Tran,2025-04-10,01:11:31,-07:00,2025-04-10T01:11:31-07:00,0,0
styles/globals.css,91,css,cb740eff,Carter Tran,2025-04-10,01:11:31,-07:00,2025-04-10T01:11:31-07:00,0,5
styles/globals.css,92,css,cb740eff,Carter Tran,2025-04-10,01:11:31,-07:00,2025-04-10T01:11:31-07:00,0,36
styles/globals.css,93,css,cb740eff,Carter Tran,2025-04-10,01:11:31,-07:00,2025-04-10T01:11:31-07:00,0,0
styles/globals.css,94,css,cb740eff,Carter Tran,2025-04-10,01:11:31,-07:00,2025-04-10T01:11:31-07:00,0,0
new_toggle/styles.css,1,css,cb740eff,Carter Tran,2025-04-10,01:11:31,-07:00,2025-04-10T01:11:31-07:00,0,79
new_toggle/styles.css,2,css,cb740eff,Carter Tran,2025-04-10,01:11:31,-07:00,2025-04-10T01:11:31-07:00,0,0
new_toggle/styles.css,3,css,cb740eff,Carter Tran,2025-04-10,01:11:31,-07:00,2025-04-10T01:11:31-07:00,0,11
new_toggle/styles.css,4,css,cb740eff,Carter Tran,2025-04-10,01:11:31,-07:00,2025-04-10T01:11:31-07:00,0,9
new_toggle/styles.css,5,css,cb740eff,Carter Tran,2025-04-10,01:11:31,-07:00,2025-04-10T01:11:31-07:00,0,10
new_toggle/styles.css,6,css,cb740eff,Carter Tran,2025-04-10,01:11:31,-07:00,2025-04-10T01:11:31-07:00,0,22
new_toggle/styles.css,7,css,cb740eff,Carter Tran,2025-04-10,01:11:31,-07:00,2025-04-10T01:11:31-07:00,0,33
new_toggle/styles.css,8,css,cb740eff,Carter Tran,2025-04-10,01:11:31,-07:00,2025-04-10T01:11:31-07:00,0,15
new_toggle/styles.css,9,css,cb740eff,Carter Tran,2025-04-10,01:11:31,-07:00,2025-04-10T01:11:31-07:00,0,19
new_toggle/styles.css,10,css,cb740eff,Carter Tran,2025-04-10,01:11:31,-07:00,2025-04-10T01:11:31-07:00,0,0
new_toggle/styles.css,11,css,cb740eff,Carter Tran,2025-04-10,01:11:31,-07:00,2025-04-10T01:11:31-07:00,0,0
new_toggle/styles.css,12,css,cb740eff,Carter Tran,2025-04-10,01:11:31,-07:00,2025-04-10T01:11:31-07:00,0,2
new_toggle/styles.css,13,css,cb740eff,Carter Tran,2025-04-10,01:11:31,-07:00,2025-04-10T01:11:31-07:00,0,19
new_toggle/styles.css,14,css,cb740eff,Carter Tran,2025-04-10,01:11:31,-07:00,2025-04-10T01:11:31-07:00,0,0
new_toggle/styles.css,15,css,cb740eff,Carter Tran,2025-04-10,01:11:31,-07:00,2025-04-10T01:11:31-07:00,0,0
new_toggle/styles.css,16,css,cb740eff,Carter Tran,2025-04-10,01:11:31,-07:00,2025-04-10T01:11:31-07:00,0,9
new_toggle/styles.css,17,css,cb740eff,Carter Tran,2025-04-10,01:11:31,-07:00,2025-04-10T01:11:31-07:00,0,18
new_toggle/styles.css,18,css,cb740eff,Carter Tran,2025-04-10,01:11:31,-07:00,2025-04-10T01:11:31-07:00,0,8
new_toggle/styles.css,19,css,cb740eff,Carter Tran,2025-04-10,01:11:31,-07:00,2025-04-10T01:11:31-07:00,0,9
new_toggle/styles.css,20,css,cb740eff,Carter Tran,2025-04-10,01:11:31,-07:00,2025-04-10T01:11:31-07:00,0,32
new_toggle/styles.css,21,css,cb740eff,Carter Tran,2025-04-10,01:11:31,-07:00,2025-04-10T01:11:31-07:00,0,0
new_toggle/styles.css,22,css,cb740eff,Carter Tran,2025-04-10,01:11:31,-07:00,2025-04-10T01:11:31-07:00,0,0
new_toggle/styles.css,23,css,cb740eff,Carter Tran,2025-04-10,01:11:31,-07:00,2025-04-10T01:11:31-07:00,0,15
new_toggle/styles.css,24,css,cb740eff,Carter Tran,2025-04-10,01:11:31,-07:00,2025-04-10T01:11:31-07:00,0,10
new_toggle/styles.css,25,css,cb740eff,Carter Tran,2025-04-10,01:11:31,-07:00,2025-04-10T01:11:31-07:00,0,9
new_toggle/styles.css,26,css,cb740eff,Carter Tran,2025-04-10,01:11:31,-07:00,2025-04-10T01:11:31-07:00,0,8
new_toggle/styles.css,27,css,cb740eff,Carter Tran,2025-04-10,01:11:31,-07:00,2025-04-10T01:11:31-07:00,0,0
new_toggle/styles.css,28,css,cb740eff,Carter Tran,2025-04-10,01:11:31,-07:00,2025-04-10T01:11:31-07:00,0,0
new_toggle/styles.css,29,css,cb740eff,Carter Tran,2025-04-10,01:11:31,-07:00,2025-04-10T01:11:31-07:00,0,8
new_toggle/styles.css,30,css,cb740eff,Carter Tran,2025-04-10,01:11:31,-07:00,2025-04-10T01:11:31-07:00,0,18
new_toggle/styles.css,31,css,cb740eff,Carter Tran,2025-04-10,01:11:31,-07:00,2025-04-10T01:11:31-07:00,0,15
new_toggle/styles.css,32,css,cb740eff,Carter Tran,2025-04-10,01:11:31,-07:00,2025-04-10T01:11:31-07:00,0,21
new_toggle/styles.css,33,css,cb740eff,Carter Tran,2025-04-10,01:11:31,-07:00,2025-04-10T01:11:31-07:00,0,12
new_toggle/styles.css,34,css,cb740eff,Carter Tran,2025-04-10,01:11:31,-07:00,2025-04-10T01:11:31-07:00,0,13
new_toggle/styles.css,35,css,cb740eff,Carter Tran,2025-04-10,01:11:31,-07:00,2025-04-10T01:11:31-07:00,0,19
new_toggle/styles.css,36,css,cb740eff,Carter Tran,2025-04-10,01:11:31,-07:00,2025-04-10T01:11:31-07:00,0,19
new_toggle/styles.css,37,css,cb740eff,Carter Tran,2025-04-10,01:11:31,-07:00,2025-04-10T01:11:31-07:00,0,17
new_toggle/styles.css,38,css,cb740eff,Carter Tran,2025-04-10,01:11:31,-07:00,2025-04-10T01:11:31-07:00,0,16
new_toggle/styles.css,39,css,cb740eff,Carter Tran,2025-04-10,01:11:31,-07:00,2025-04-10T01:11:31-07:00,0,0
new_toggle/styles.css,40,css,cb740eff,Carter Tran,2025-04-10,01:11:31,-07:00,2025-04-10T01:11:31-07:00,0,0
new_toggle/styles.css,41,css,cb740eff,Carter Tran,2025-04-10,01:11:31,-07:00,2025-04-10T01:11:31-07:00,0,15
new_toggle/styles.css,42,css,cb740eff,Carter Tran,2025-04-10,01:11:31,-07:00,2025-04-10T01:11:31-07:00,0,18
new_toggle/styles.css,43,css,cb740eff,Carter Tran,2025-04-10,01:11:31,-07:00,2025-04-10T01:11:31-07:00,0,21
new_toggle/styles.css,44,css,cb740eff,Carter Tran,2025-04-10,01:11:31,-07:00,2025-04-10T01:11:31-07:00,0,8
new_toggle/styles.css,45,css,cb740eff,Carter Tran,2025-04-10,01:11:31,-07:00,2025-04-10T01:11:31-07:00,0,9
new_toggle/styles.css,46,css,cb740eff,Carter Tran,2025-04-10,01:11:31,-07:00,2025-04-10T01:11:31-07:00,0,11
new_toggle/styles.css,47,css,cb740eff,Carter Tran,2025-04-10,01:11:31,-07:00,2025-04-10T01:11:31-07:00,0,12
new_toggle/styles.css,48,css,cb740eff,Carter Tran,2025-04-10,01:11:31,-07:00,2025-04-10T01:11:31-07:00,0,18
new_toggle/styles.css,49,css,cb740eff,Carter Tran,2025-04-10,01:11:31,-07:00,2025-04-10T01:11:31-07:00,0,19
new_toggle/styles.css,50,css,cb740eff,Carter Tran,2025-04-10,01:11:31,-07:00,2025-04-10T01:11:31-07:00,0,16
new_toggle/styles.css,51,css,cb740eff,Carter Tran,2025-04-10,01:11:31,-07:00,2025-04-10T01:11:31-07:00,0,44
new_toggle/styles.css,52,css,cb740eff,Carter Tran,2025-04-10,01:11:31,-07:00,2025-04-10T01:11:31-07:00,0,30
new_toggle/styles.css,53,css,cb740eff,Carter Tran,2025-04-10,01:11:31,-07:00,2025-04-10T01:11:31-07:00,0,0
new_toggle/styles.css,54,css,cb740eff,Carter Tran,2025-04-10,01:11:31,-07:00,2025-04-10T01:11:31-07:00,0,0
new_toggle/styles.css,55,css,cb740eff,Carter Tran,2025-04-10,01:11:31,-07:00,2025-04-10T01:11:31-07:00,0,8
new_toggle/styles.css,56,css,cb740eff,Carter Tran,2025-04-10,01:11:31,-07:00,2025-04-10T01:11:31-07:00,0,18
new_toggle/styles.css,57,css,cb740eff,Carter Tran,2025-04-10,01:11:31,-07:00,2025-04-10T01:11:31-07:00,0,21
new_toggle/styles.css,58,css,cb740eff,Carter Tran,2025-04-10,01:11:31,-07:00,2025-04-10T01:11:31-07:00,0,19
new_toggle/styles.css,59,css,cb740eff,Carter Tran,2025-04-10,01:11:31,-07:00,2025-04-10T01:11:31-07:00,0,18
new_toggle/styles.css,60,css,cb740eff,Carter Tran,2025-04-10,01:11:31,-07:00,2025-04-10T01:11:31-07:00,0,17
new_toggle/styles.css,61,css,cb740eff,Carter Tran,2025-04-10,01:11:31,-07:00,2025-04-10T01:11:31-07:00,0,0
new_toggle/styles.css,62,css,cb740eff,Carter Tran,2025-04-10,01:11:31,-07:00,2025-04-10T01:11:31-07:00,0,0
new_toggle/styles.css,63,css,cb740eff,Carter Tran,2025-04-10,01:11:31,-07:00,2025-04-10T01:11:31-07:00,0,10
new_toggle/styles.css,64,css,cb740eff,Carter Tran,2025-04-10,01:11:31,-07:00,2025-04-10T01:11:31-07:00,0,19
new_toggle/styles.css,65,css,cb740eff,Carter Tran,2025-04-10,01:11:31,-07:00,2025-04-10T01:11:31-07:00,0,11
new_toggle/styles.css,66,css,cb740eff,Carter Tran,2025-04-10,01:11:31,-07:00,2025-04-10T01:11:31-07:00,0,12
new_toggle/styles.css,67,css,cb740eff,Carter Tran,2025-04-10,01:11:31,-07:00,2025-04-10T01:11:31-07:00,0,10
new_toggle/styles.css,68,css,cb740eff,Carter Tran,2025-04-10,01:11:31,-07:00,2025-04-10T01:11:31-07:00,0,12
new_toggle/styles.css,69,css,cb740eff,Carter Tran,2025-04-10,01:11:31,-07:00,2025-04-10T01:11:31-07:00,0,0
new_toggle/styles.css,70,css,cb740eff,Carter Tran,2025-04-10,01:11:31,-07:00,2025-04-10T01:11:31-07:00,0,0
new_toggle/styles.css,71,css,cb740eff,Carter Tran,2025-04-10,01:11:31,-07:00,2025-04-10T01:11:31-07:00,0,10
new_toggle/styles.css,72,css,cb740eff,Carter Tran,2025-04-10,01:11:31,-07:00,2025-04-10T01:11:31-07:00,0,11
new_toggle/styles.css,73,css,cb740eff,Carter Tran,2025-04-10,01:11:31,-07:00,2025-04-10T01:11:31-07:00,0,12
new_toggle/styles.css,74,css,cb740eff,Carter Tran,2025-04-10,01:11:31,-07:00,2025-04-10T01:11:31-07:00,0,9
new_toggle/styles.css,75,css,cb740eff,Carter Tran,2025-04-10,01:11:31,-07:00,2025-04-10T01:11:31-07:00,0,10
new_toggle/styles.css,76,css,cb740eff,Carter Tran,2025-04-10,01:11:31,-07:00,2025-04-10T01:11:31-07:00,0,0
new_toggle/styles.css,77,css,cb740eff,Carter Tran,2025-04-10,01:11:31,-07:00,2025-04-10T01:11:31-07:00,0,0
new_toggle/styles.css,78,css,cb740eff,Carter Tran,2025-04-10,01:11:31,-07:00,2025-04-10T01:11:31-07:00,0,10
new_toggle/styles.css,79,css,cb740eff,Carter Tran,2025-04-10,01:11:31,-07:00,2025-04-10T01:11:31-07:00,0,11
new_toggle/styles.css,80,css,cb740eff,Carter Tran,2025-04-10,01:11:31,-07:00,2025-04-10T01:11:31-07:00,0,12
new_toggle/styles.css,81,css,cb740eff,Carter Tran,2025-04-10,01:11:31,-07:00,2025-04-10T01:11:31-07:00,0,9
new_toggle/styles.css,82,css,cb740eff,Carter Tran,2025-04-10,01:11:31,-07:00,2025-04-10T01:11:31-07:00,0,11
new_toggle/styles.css,83,css,cb740eff,Carter Tran,2025-04-10,01:11:31,-07:00,2025-04-10T01:11:31-07:00,0,0
new_toggle/styles.css,84,css,cb740eff,Carter Tran,2025-04-10,01:11:31,-07:00,2025-04-10T01:11:31-07:00,0,0
new_toggle/styles.css,85,css,cb740eff,Carter Tran,2025-04-10,01:11:31,-07:00,2025-04-10T01:11:31-07:00,0,10
new_toggle/styles.css,86,css,cb740eff,Carter Tran,2025-04-10,01:11:31,-07:00,2025-04-10T01:11:31-07:00,0,11
new_toggle/styles.css,87,css,cb740eff,Carter Tran,2025-04-10,01:11:31,-07:00,2025-04-10T01:11:31-07:00,0,12
new_toggle/styles.css,88,css,cb740eff,Carter Tran,2025-04-10,01:11:31,-07:00,2025-04-10T01:11:31-07:00,0,9
new_toggle/styles.css,89,css,cb740eff,Carter Tran,2025-04-10,01:11:31,-07:00,2025-04-10T01:11:31-07:00,0,10
new_toggle/styles.css,90,css,cb740eff,Carter Tran,2025-04-10,01:11:31,-07:00,2025-04-10T01:11:31-07:00,0,0
new_toggle/styles.css,91,css,cb740eff,Carter Tran,2025-04-10,01:11:31,-07:00,2025-04-10T01:11:31-07:00,0,0
new_toggle/styles.css,92,css,cb740eff,Carter Tran,2025-04-10,01:11:31,-07:00,2025-04-10T01:11:31-07:00,0,10
new_toggle/styles.css,93,css,cb740eff,Carter Tran,2025-04-10,01:11:31,-07:00,2025-04-10T01:11:31-07:00,0,11
new_toggle/styles.css,94,css,cb740eff,Carter Tran,2025-04-10,01:11:31,-07:00,2025-04-10T01:11:31-07:00,0,12
new_toggle/styles.css,95,css,cb740eff,Carter Tran,2025-04-10,01:11:31,-07:00,2025-04-10T01:11:31-07:00,0,9
new_toggle/styles.css,96,css,cb740eff,Carter Tran,2025-04-10,01:11:31,-07:00,2025-04-10T01:11:31-07:00,0,10
new_toggle/styles.css,97,css,cb740eff,Carter Tran,2025-04-10,01:11:31,-07:00,2025-04-10T01:11:31-07:00,0,0
new_toggle/styles.css,98,css,cb740eff,Carter Tran,2025-04-10,01:11:31,-07:00,2025-04-10T01:11:31-07:00,0,0
new_toggle/styles.css,99,css,cb740eff,Carter Tran,2025-04-10,01:11:31,-07:00,2025-04-10T01:11:31-07:00,0,10
new_toggle/styles.css,100,css,cb740eff,Carter Tran,2025-04-10,01:11:31,-07:00,2025-04-10T01:11:31-07:00,0,11
new_toggle/styles.css,101,css,cb740eff,Carter Tran,2025-04-10,01:11:31,-07:00,2025-04-10T01:11:31-07:00,0,12
new_toggle/styles.css,102,css,cb740eff,Carter Tran,2025-04-10,01:11:31,-07:00,2025-04-10T01:11:31-07:00,0,9
new_toggle/styles.css,103,css,cb740eff,Carter Tran,2025-04-10,01:11:31,-07:00,2025-04-10T01:11:31-07:00,0,10
new_toggle/styles.css,104,css,cb740eff,Carter Tran,2025-04-10,01:11:31,-07:00,2025-04-10T01:11:31-07:00,0,0
new_toggle/styles.css,105,css,cb740eff,Carter Tran,2025-04-10,01:11:31,-07:00,2025-04-10T01:11:31-07:00,0,0
new_toggle/styles.css,106,css,cb740eff,Carter Tran,2025-04-10,01:11:31,-07:00,2025-04-10T01:11:31-07:00,0,10
new_toggle/styles.css,107,css,cb740eff,Carter Tran,2025-04-10,01:11:31,-07:00,2025-04-10T01:11:31-07:00,0,11
new_toggle/styles.css,108,css,cb740eff,Carter Tran,2025-04-10,01:11:31,-07:00,2025-04-10T01:11:31-07:00,0,12
new_toggle/styles.css,109,css,cb740eff,Carter Tran,2025-04-10,01:11:31,-07:00,2025-04-10T01:11:31-07:00,0,11
new_toggle/styles.css,110,css,cb740eff,Carter Tran,2025-04-10,01:11:31,-07:00,2025-04-10T01:11:31-07:00,0,10
new_toggle/styles.css,111,css,cb740eff,Carter Tran,2025-04-10,01:11:31,-07:00,2025-04-10T01:11:31-07:00,0,0
new_toggle/styles.css,112,css,cb740eff,Carter Tran,2025-04-10,01:11:31,-07:00,2025-04-10T01:11:31-07:00,0,0
new_toggle/styles.css,113,css,cb740eff,Carter Tran,2025-04-10,01:11:31,-07:00,2025-04-10T01:11:31-07:00,0,6
new_toggle/styles.css,114,css,cb740eff,Carter Tran,2025-04-10,01:11:31,-07:00,2025-04-10T01:11:31-07:00,0,18
new_toggle/styles.css,115,css,cb740eff,Carter Tran,2025-04-10,01:11:31,-07:00,2025-04-10T01:11:31-07:00,0,21
new_toggle/styles.css,116,css,cb740eff,Carter Tran,2025-04-10,01:11:31,-07:00,2025-04-10T01:11:31-07:00,0,18
new_toggle/styles.css,117,css,cb740eff,Carter Tran,2025-04-10,01:11:31,-07:00,2025-04-10T01:11:31-07:00,0,16
new_toggle/styles.css,118,css,cb740eff,Carter Tran,2025-04-10,01:11:31,-07:00,2025-04-10T01:11:31-07:00,0,45
new_toggle/styles.css,119,css,cb740eff,Carter Tran,2025-04-10,01:11:31,-07:00,2025-04-10T01:11:31-07:00,0,0
new_toggle/styles.css,120,css,cb740eff,Carter Tran,2025-04-10,01:11:31,-07:00,2025-04-10T01:11:31-07:00,0,0
new_toggle/styles.css,121,css,cb740eff,Carter Tran,2025-04-10,01:11:31,-07:00,2025-04-10T01:11:31-07:00,0,8
new_toggle/styles.css,122,css,cb740eff,Carter Tran,2025-04-10,01:11:31,-07:00,2025-04-10T01:11:31-07:00,0,10
new_toggle/styles.css,123,css,cb740eff,Carter Tran,2025-04-10,01:11:31,-07:00,2025-04-10T01:11:31-07:00,0,11
new_toggle/styles.css,124,css,cb740eff,Carter Tran,2025-04-10,01:11:31,-07:00,2025-04-10T01:11:31-07:00,0,11
new_toggle/styles.css,125,css,cb740eff,Carter Tran,2025-04-10,01:11:31,-07:00,2025-04-10T01:11:31-07:00,0,12
new_toggle/styles.css,126,css,cb740eff,Carter Tran,2025-04-10,01:11:31,-07:00,2025-04-10T01:11:31-07:00,0,0
new_toggle/styles.css,127,css,cb740eff,Carter Tran,2025-04-10,01:11:31,-07:00,2025-04-10T01:11:31-07:00,0,0
new_toggle/styles.css,128,css,cb740eff,Carter Tran,2025-04-10,01:11:31,-07:00,2025-04-10T01:11:31-07:00,0,8
new_toggle/styles.css,129,css,cb740eff,Carter Tran,2025-04-10,01:11:31,-07:00,2025-04-10T01:11:31-07:00,0,10
new_toggle/styles.css,130,css,cb740eff,Carter Tran,2025-04-10,01:11:31,-07:00,2025-04-10T01:11:31-07:00,0,11
new_toggle/styles.css,131,css,cb740eff,Carter Tran,2025-04-10,01:11:31,-07:00,2025-04-10T01:11:31-07:00,0,11
new_toggle/styles.css,132,css,cb740eff,Carter Tran,2025-04-10,01:11:31,-07:00,2025-04-10T01:11:31-07:00,0,9
new_toggle/styles.css,133,css,cb740eff,Carter Tran,2025-04-10,01:11:31,-07:00,2025-04-10T01:11:31-07:00,0,0
new_toggle/styles.css,134,css,cb740eff,Carter Tran,2025-04-10,01:11:31,-07:00,2025-04-10T01:11:31-07:00,0,0
new_toggle/styles.css,135,css,cb740eff,Carter Tran,2025-04-10,01:11:31,-07:00,2025-04-10T01:11:31-07:00,0,8
new_toggle/styles.css,136,css,cb740eff,Carter Tran,2025-04-10,01:11:31,-07:00,2025-04-10T01:11:31-07:00,0,10
new_toggle/styles.css,137,css,cb740eff,Carter Tran,2025-04-10,01:11:31,-07:00,2025-04-10T01:11:31-07:00,0,11
new_toggle/styles.css,138,css,cb740eff,Carter Tran,2025-04-10,01:11:31,-07:00,2025-04-10T01:11:31-07:00,0,11
new_toggle/styles.css,139,css,cb740eff,Carter Tran,2025-04-10,01:11:31,-07:00,2025-04-10T01:11:31-07:00,0,12
new_toggle/styles.css,140,css,cb740eff,Carter Tran,2025-04-10,01:11:31,-07:00,2025-04-10T01:11:31-07:00,0,0
new_toggle/styles.css,141,css,cb740eff,Carter Tran,2025-04-10,01:11:31,-07:00,2025-04-10T01:11:31-07:00,0,0
new_toggle/styles.css,142,css,cb740eff,Carter Tran,2025-04-10,01:11:31,-07:00,2025-04-10T01:11:31-07:00,0,8
new_toggle/styles.css,143,css,cb740eff,Carter Tran,2025-04-10,01:11:31,-07:00,2025-04-10T01:11:31-07:00,0,10
new_toggle/styles.css,144,css,cb740eff,Carter Tran,2025-04-10,01:11:31,-07:00,2025-04-10T01:11:31-07:00,0,11
new_toggle/styles.css,145,css,cb740eff,Carter Tran,2025-04-10,01:11:31,-07:00,2025-04-10T01:11:31-07:00,0,11
new_toggle/styles.css,146,css,cb740eff,Carter Tran,2025-04-10,01:11:31,-07:00,2025-04-10T01:11:31-07:00,0,12
new_toggle/styles.css,147,css,cb740eff,Carter Tran,2025-04-10,01:11:31,-07:00,2025-04-10T01:11:31-07:00,0,0
new_toggle/styles.css,148,css,cb740eff,Carter Tran,2025-04-10,01:11:31,-07:00,2025-04-10T01:11:31-07:00,0,0
new_toggle/styles.css,149,css,cb740eff,Carter Tran,2025-04-10,01:11:31,-07:00,2025-04-10T01:11:31-07:00,0,8
new_toggle/styles.css,150,css,cb740eff,Carter Tran,2025-04-10,01:11:31,-07:00,2025-04-10T01:11:31-07:00,0,10
new_toggle/styles.css,151,css,cb740eff,Carter Tran,2025-04-10,01:11:31,-07:00,2025-04-10T01:11:31-07:00,0,11
new_toggle/styles.css,152,css,cb740eff,Carter Tran,2025-04-10,01:11:31,-07:00,2025-04-10T01:11:31-07:00,0,11
new_toggle/styles.css,153,css,cb740eff,Carter Tran,2025-04-10,01:11:31,-07:00,2025-04-10T01:11:31-07:00,0,12
new_toggle/styles.css,154,css,cb740eff,Carter Tran,2025-04-10,01:11:31,-07:00,2025-04-10T01:11:31-07:00,0,0
new_toggle/styles.css,155,css,cb740eff,Carter Tran,2025-04-10,01:11:31,-07:00,2025-04-10T01:11:31-07:00,0,0
new_toggle/styles.css,156,css,cb740eff,Carter Tran,2025-04-10,01:11:31,-07:00,2025-04-10T01:11:31-07:00,0,26
new_toggle/styles.css,157,css,cb740eff,Carter Tran,2025-04-10,01:11:31,-07:00,2025-04-10T01:11:31-07:00,0,11
new_toggle/styles.css,158,css,cb740eff,Carter Tran,2025-04-10,01:11:31,-07:00,2025-04-10T01:11:31-07:00,0,11
new_toggle/styles.css,159,css,cb740eff,Carter Tran,2025-04-10,01:11:31,-07:00,2025-04-10T01:11:31-07:00,0,18
new_toggle/styles.css,160,css,cb740eff,Carter Tran,2025-04-10,01:11:31,-07:00,2025-04-10T01:11:31-07:00,0,25
new_toggle/styles.css,161,css,cb740eff,Carter Tran,2025-04-10,01:11:31,-07:00,2025-04-10T01:11:31-07:00,0,32
new_toggle/styles.css,162,css,cb740eff,Carter Tran,2025-04-10,01:11:31,-07:00,2025-04-10T01:11:31-07:00,0,22
new_toggle/styles.css,163,css,cb740eff,Carter Tran,2025-04-10,01:11:31,-07:00,2025-04-10T01:11:31-07:00,0,24
new_toggle/styles.css,164,css,cb740eff,Carter Tran,2025-04-10,01:11:31,-07:00,2025-04-10T01:11:31-07:00,0,35
new_toggle/styles.css,165,css,cb740eff,Carter Tran,2025-04-10,01:11:31,-07:00,2025-04-10T01:11:31-07:00,0,35
new_toggle/styles.css,166,css,cb740eff,Carter Tran,2025-04-10,01:11:31,-07:00,2025-04-10T01:11:31-07:00,0,0
new_toggle/styles.css,167,css,cb740eff,Carter Tran,2025-04-10,01:11:31,-07:00,2025-04-10T01:11:31-07:00,0,0
new_toggle/styles.css,168,css,cb740eff,Carter Tran,2025-04-10,01:11:31,-07:00,2025-04-10T01:11:31-07:00,0,8
new_toggle/styles.css,169,css,cb740eff,Carter Tran,2025-04-10,01:11:31,-07:00,2025-04-10T01:11:31-07:00,0,11
new_toggle/styles.css,170,css,cb740eff,Carter Tran,2025-04-10,01:11:31,-07:00,2025-04-10T01:11:31-07:00,0,12
new_toggle/styles.css,171,css,cb740eff,Carter Tran,2025-04-10,01:11:31,-07:00,2025-04-10T01:11:31-07:00,0,20
new_toggle/styles.css,172,css,cb740eff,Carter Tran,2025-04-10,01:11:31,-07:00,2025-04-10T01:11:31-07:00,0,0
new_toggle/styles.css,173,css,cb740eff,Carter Tran,2025-04-10,01:11:31,-07:00,2025-04-10T01:11:31-07:00,0,0
new_toggle/styles.css,174,css,cb740eff,Carter Tran,2025-04-10,01:11:31,-07:00,2025-04-10T01:11:31-07:00,0,8
new_toggle/styles.css,175,css,cb740eff,Carter Tran,2025-04-10,01:11:31,-07:00,2025-04-10T01:11:31-07:00,0,11
new_toggle/styles.css,176,css,cb740eff,Carter Tran,2025-04-10,01:11:31,-07:00,2025-04-10T01:11:31-07:00,0,12
new_toggle/styles.css,177,css,cb740eff,Carter Tran,2025-04-10,01:11:31,-07:00,2025-04-10T01:11:31-07:00,0,0
new_toggle/styles.css,178,css,cb740eff,Carter Tran,2025-04-10,01:11:31,-07:00,2025-04-10T01:11:31-07:00,0,0
new_toggle/styles.css,179,css,cb740eff,Carter Tran,2025-04-10,01:11:31,-07:00,2025-04-10T01:11:31-07:00,0,8
new_toggle/styles.css,180,css,cb740eff,Carter Tran,2025-04-10,01:11:31,-07:00,2025-04-10T01:11:31-07:00,0,11
new_toggle/styles.css,181,css,cb740eff,Carter Tran,2025-04-10,01:11:31,-07:00,2025-04-10T01:11:31-07:00,0,9
new_toggle/styles.css,182,css,cb740eff,Carter Tran,2025-04-10,01:11:31,-07:00,2025-04-10T01:11:31-07:00,0,20
new_toggle/styles.css,183,css,cb740eff,Carter Tran,2025-04-10,01:11:31,-07:00,2025-04-10T01:11:31-07:00,0,0
new_toggle/styles.css,184,css,cb740eff,Carter Tran,2025-04-10,01:11:31,-07:00,2025-04-10T01:11:31-07:00,0,0
new_toggle/styles.css,185,css,cb740eff,Carter Tran,2025-04-10,01:11:31,-07:00,2025-04-10T01:11:31-07:00,0,18
new_toggle/styles.css,186,css,cb740eff,Carter Tran,2025-04-10,01:11:31,-07:00,2025-04-10T01:11:31-07:00,0,3
new_toggle/styles.css,187,css,cb740eff,Carter Tran,2025-04-10,01:11:31,-07:00,2025-04-10T01:11:31-07:00,0,42
new_toggle/styles.css,188,css,cb740eff,Carter Tran,2025-04-10,01:11:31,-07:00,2025-04-10T01:11:31-07:00,0,0
new_toggle/styles.css,189,css,cb740eff,Carter Tran,2025-04-10,01:11:31,-07:00,2025-04-10T01:11:31-07:00,0,0
new_toggle/styles.css,190,css,cb740eff,Carter Tran,2025-04-10,01:11:31,-07:00,2025-04-10T01:11:31-07:00,0,4
new_toggle/styles.css,191,css,cb740eff,Carter Tran,2025-04-10,01:11:31,-07:00,2025-04-10T01:11:31-07:00,0,43
new_toggle/styles.css,192,css,cb740eff,Carter Tran,2025-04-10,01:11:31,-07:00,2025-04-10T01:11:31-07:00,0,32
new_toggle/styles.css,193,css,cb740eff,Carter Tran,2025-04-10,01:11:31,-07:00,2025-04-10T01:11:31-07:00,0,0
new_toggle/styles.css,194,css,cb740eff,Carter Tran,2025-04-10,01:11:31,-07:00,2025-04-10T01:11:31-07:00,0,0
new_toggle/styles.css,195,css,cb740eff,Carter Tran,2025-04-10,01:11:31,-07:00,2025-04-10T01:11:31-07:00,0,5
new_toggle/styles.css,196,css,cb740eff,Carter Tran,2025-04-10,01:11:31,-07:00,2025-04-10T01:11:31-07:00,0,43
new_toggle/styles.css,197,css,cb740eff,Carter Tran,2025-04-10,01:11:31,-07:00,2025-04-10T01:11:31-07:00,0,10
new_toggle/styles.css,198,css,cb740eff,Carter Tran,2025-04-10,01:11:31,-07:00,2025-04-10T01:11:31-07:00,0,11
new_toggle/styles.css,199,css,cb740eff,Carter Tran,2025-04-10,01:11:31,-07:00,2025-04-10T01:11:31-07:00,0,10
new_toggle/styles.css,200,css,cb740eff,Carter Tran,2025-04-10,01:11:31,-07:00,2025-04-10T01:11:31-07:00,0,16
new_toggle/styles.css,201,css,cb740eff,Carter Tran,2025-04-10,01:11:31,-07:00,2025-04-10T01:11:31-07:00,0,0
new_toggle/styles.css,202,css,cb740eff,Carter Tran,2025-04-10,01:11:31,-07:00,2025-04-10T01:11:31-07:00,0,0
new_toggle/styles.css,203,css,cb740eff,Carter Tran,2025-04-10,01:11:31,-07:00,2025-04-10T01:11:31-07:00,0,0
new_toggle/styles.css,204,css,cb740eff,Carter Tran,2025-04-10,01:11:31,-07:00,2025-04-10T01:11:31-07:00,0,33
new_toggle/styles.css,205,css,cb740eff,Carter Tran,2025-04-10,01:11:31,-07:00,2025-04-10T01:11:31-07:00,0,19
new_toggle/styles.css,206,css,cb740eff,Carter Tran,2025-04-10,01:11:31,-07:00,2025-04-10T01:11:31-07:00,0,0
new_toggle/styles.css,207,css,cb740eff,Carter Tran,2025-04-10,01:11:31,-07:00,2025-04-10T01:11:31-07:00,0,0
new_toggle/styles.css,208,css,cb740eff,Carter Tran,2025-04-10,01:11:31,-07:00,2025-04-10T01:11:31-07:00,0,48
new_toggle/styles.css,209,css,cb740eff,Carter Tran,2025-04-10,01:11:31,-07:00,2025-04-10T01:11:31-07:00,0,19
new_toggle/styles.css,210,css,cb740eff,Carter Tran,2025-04-10,01:11:31,-07:00,2025-04-10T01:11:31-07:00,0,28
new_toggle/styles.css,211,css,cb740eff,Carter Tran,2025-04-10,01:11:31,-07:00,2025-04-10T01:11:31-07:00,0,44
new_toggle/styles.css,212,css,cb740eff,Carter Tran,2025-04-10,01:11:31,-07:00,2025-04-10T01:11:31-07:00,0,0
new_toggle/styles.css,213,css,cb740eff,Carter Tran,2025-04-10,01:11:31,-07:00,2025-04-10T01:11:31-07:00,0,0
new_toggle/styles.css,214,css,cb740eff,Carter Tran,2025-04-10,01:11:31,-07:00,2025-04-10T01:11:31-07:00,0,56
new_toggle/styles.css,215,css,cb740eff,Carter Tran,2025-04-10,01:11:31,-07:00,2025-04-10T01:11:31-07:00,0,42
new_toggle/styles.css,216,css,cb740eff,Carter Tran,2025-04-10,01:11:31,-07:00,2025-04-10T01:11:31-07:00,0,0
new_toggle/styles.css,217,css,cb740eff,Carter Tran,2025-04-10,01:11:31,-07:00,2025-04-10T01:11:31-07:00,0,0
new_toggle/styles.css,218,css,cb740eff,Carter Tran,2025-04-10,01:11:31,-07:00,2025-04-10T01:11:31-07:00,0,39
new_toggle/styles.css,219,css,cb740eff,Carter Tran,2025-04-10,01:11:31,-07:00,2025-04-10T01:11:31-07:00,0,27
new_toggle/styles.css,220,css,cb740eff,Carter Tran,2025-04-10,01:11:31,-07:00,2025-04-10T01:11:31-07:00,0,15
new_toggle/styles.css,221,css,cb740eff,Carter Tran,2025-04-10,01:11:31,-07:00,2025-04-10T01:11:31-07:00,0,16
new_toggle/styles.css,222,css,cb740eff,Carter Tran,2025-04-10,01:11:31,-07:00,2025-04-10T01:11:31-07:00,0,0
new_toggle/styles.css,223,css,cb740eff,Carter Tran,2025-04-10,01:11:31,-07:00,2025-04-10T01:11:31-07:00,0,0
new_toggle/styles.css,224,css,cb740eff,Carter Tran,2025-04-10,01:11:31,-07:00,2025-04-10T01:11:31-07:00,0,41
new_toggle/styles.css,225,css,cb740eff,Carter Tran,2025-04-10,01:11:31,-07:00,2025-04-10T01:11:31-07:00,0,11
new_toggle/styles.css,226,css,cb740eff,Carter Tran,2025-04-10,01:11:31,-07:00,2025-04-10T01:11:31-07:00,0,12
new_toggle/styles.css,227,css,cb740eff,Carter Tran,2025-04-10,01:11:31,-07:00,2025-04-10T01:11:31-07:00,0,19
new_toggle/styles.css,228,css,cb740eff,Carter Tran,2025-04-10,01:11:31,-07:00,2025-04-10T01:11:31-07:00,0,16
new_toggle/styles.css,229,css,cb740eff,Carter Tran,2025-04-10,01:11:31,-07:00,2025-04-10T01:11:31-07:00,0,10
new_toggle/styles.css,230,css,cb740eff,Carter Tran,2025-04-10,01:11:31,-07:00,2025-04-10T01:11:31-07:00,0,9
new_toggle/styles.css,231,css,cb740eff,Carter Tran,2025-04-10,01:11:31,-07:00,2025-04-10T01:11:31-07:00,0,16
new_toggle/styles.css,232,css,cb740eff,Carter Tran,2025-04-10,01:11:31,-07:00,2025-04-10T01:11:31-07:00,0,0
new_toggle/styles.css,233,css,cb740eff,Carter Tran,2025-04-10,01:11:31,-07:00,2025-04-10T01:11:31-07:00,0,0
new_toggle/styles.css,234,css,cb740eff,Carter Tran,2025-04-10,01:11:31,-07:00,2025-04-10T01:11:31-07:00,0,41
new_toggle/styles.css,235,css,cb740eff,Carter Tran,2025-04-10,01:11:31,-07:00,2025-04-10T01:11:31-07:00,0,11
new_toggle/styles.css,236,css,cb740eff,Carter Tran,2025-04-10,01:11:31,-07:00,2025-04-10T01:11:31-07:00,0,12
new_toggle/styles.css,237,css,cb740eff,Carter Tran,2025-04-10,01:11:31,-07:00,2025-04-10T01:11:31-07:00,0,16
new_toggle/styles.css,238,css,cb740eff,Carter Tran,2025-04-10,01:11:31,-07:00,2025-04-10T01:11:31-07:00,0,10
new_toggle/styles.css,239,css,cb740eff,Carter Tran,2025-04-10,01:11:31,-07:00,2025-04-10T01:11:31-07:00,0,9
new_toggle/styles.css,240,css,cb740eff,Carter Tran,2025-04-10,01:11:31,-07:00,2025-04-10T01:11:31-07:00,0,44
new_toggle/styles.css,241,css,cb740eff,Carter Tran,2025-04-10,01:11:31,-07:00,2025-04-10T01:11:31-07:00,0,0
new_toggle/styles.css,242,css,cb740eff,Carter Tran,2025-04-10,01:11:31,-07:00,2025-04-10T01:11:31-07:00,0,0
new_toggle/styles.css,243,css,cb740eff,Carter Tran,2025-04-10,01:11:31,-07:00,2025-04-10T01:11:31-07:00,0,41
new_toggle/styles.css,244,css,cb740eff,Carter Tran,2025-04-10,01:11:31,-07:00,2025-04-10T01:11:31-07:00,0,11
new_toggle/styles.css,245,css,cb740eff,Carter Tran,2025-04-10,01:11:31,-07:00,2025-04-10T01:11:31-07:00,0,12
new_toggle/styles.css,246,css,cb740eff,Carter Tran,2025-04-10,01:11:31,-07:00,2025-04-10T01:11:31-07:00,0,16
new_toggle/styles.css,247,css,cb740eff,Carter Tran,2025-04-10,01:11:31,-07:00,2025-04-10T01:11:31-07:00,0,10
new_toggle/styles.css,248,css,cb740eff,Carter Tran,2025-04-10,01:11:31,-07:00,2025-04-10T01:11:31-07:00,0,9
new_toggle/styles.css,249,css,cb740eff,Carter Tran,2025-04-10,01:11:31,-07:00,2025-04-10T01:11:31-07:00,0,44
new_toggle/styles.css,250,css,cb740eff,Carter Tran,2025-04-10,01:11:31,-07:00,2025-04-10T01:11:31-07:00,0,0
new_toggle/styles.css,251,css,cb740eff,Carter Tran,2025-04-10,01:11:31,-07:00,2025-04-10T01:11:31-07:00,0,0
new_toggle/styles.css,252,css,cb740eff,Carter Tran,2025-04-10,01:11:31,-07:00,2025-04-10T01:11:31-07:00,0,41
new_toggle/styles.css,253,css,cb740eff,Carter Tran,2025-04-10,01:11:31,-07:00,2025-04-10T01:11:31-07:00,0,11
new_toggle/styles.css,254,css,cb740eff,Carter Tran,2025-04-10,01:11:31,-07:00,2025-04-10T01:11:31-07:00,0,12
new_toggle/styles.css,255,css,cb740eff,Carter Tran,2025-04-10,01:11:31,-07:00,2025-04-10T01:11:31-07:00,0,16
new_toggle/styles.css,256,css,cb740eff,Carter Tran,2025-04-10,01:11:31,-07:00,2025-04-10T01:11:31-07:00,0,10
new_toggle/styles.css,257,css,cb740eff,Carter Tran,2025-04-10,01:11:31,-07:00,2025-04-10T01:11:31-07:00,0,9
new_toggle/styles.css,258,css,cb740eff,Carter Tran,2025-04-10,01:11:31,-07:00,2025-04-10T01:11:31-07:00,0,44
new_toggle/styles.css,259,css,cb740eff,Carter Tran,2025-04-10,01:11:31,-07:00,2025-04-10T01:11:31-07:00,0,0
new_toggle/styles.css,260,css,cb740eff,Carter Tran,2025-04-10,01:11:31,-07:00,2025-04-10T01:11:31-07:00,0,0
new_toggle/styles.css,261,css,cb740eff,Carter Tran,2025-04-10,01:11:31,-07:00,2025-04-10T01:11:31-07:00,0,41
new_toggle/styles.css,262,css,cb740eff,Carter Tran,2025-04-10,01:11:31,-07:00,2025-04-10T01:11:31-07:00,0,11
new_toggle/styles.css,263,css,cb740eff,Carter Tran,2025-04-10,01:11:31,-07:00,2025-04-10T01:11:31-07:00,0,12
new_toggle/styles.css,264,css,cb740eff,Carter Tran,2025-04-10,01:11:31,-07:00,2025-04-10T01:11:31-07:00,0,19
new_toggle/styles.css,265,css,cb740eff,Carter Tran,2025-04-10,01:11:31,-07:00,2025-04-10T01:11:31-07:00,0,16
new_toggle/styles.css,266,css,cb740eff,Carter Tran,2025-04-10,01:11:31,-07:00,2025-04-10T01:11:31-07:00,0,10
new_toggle/styles.css,267,css,cb740eff,Carter Tran,2025-04-10,01:11:31,-07:00,2025-04-10T01:11:31-07:00,0,12
new_toggle/styles.css,268,css,cb740eff,Carter Tran,2025-04-10,01:11:31,-07:00,2025-04-10T01:11:31-07:00,0,16
new_toggle/styles.css,269,css,cb740eff,Carter Tran,2025-04-10,01:11:31,-07:00,2025-04-10T01:11:31-07:00,0,0
new_toggle/styles.css,270,css,cb740eff,Carter Tran,2025-04-10,01:11:31,-07:00,2025-04-10T01:11:31-07:00,0,0
new_toggle/styles.css,271,css,cb740eff,Carter Tran,2025-04-10,01:11:31,-07:00,2025-04-10T01:11:31-07:00,0,41
new_toggle/styles.css,272,css,cb740eff,Carter Tran,2025-04-10,01:11:31,-07:00,2025-04-10T01:11:31-07:00,0,11
new_toggle/styles.css,273,css,cb740eff,Carter Tran,2025-04-10,01:11:31,-07:00,2025-04-10T01:11:31-07:00,0,12
new_toggle/styles.css,274,css,cb740eff,Carter Tran,2025-04-10,01:11:31,-07:00,2025-04-10T01:11:31-07:00,0,16
new_toggle/styles.css,275,css,cb740eff,Carter Tran,2025-04-10,01:11:31,-07:00,2025-04-10T01:11:31-07:00,0,18
new_toggle/styles.css,276,css,cb740eff,Carter Tran,2025-04-10,01:11:31,-07:00,2025-04-10T01:11:31-07:00,0,10
new_toggle/styles.css,277,css,cb740eff,Carter Tran,2025-04-10,01:11:31,-07:00,2025-04-10T01:11:31-07:00,0,12
new_toggle/styles.css,278,css,cb740eff,Carter Tran,2025-04-10,01:11:31,-07:00,2025-04-10T01:11:31-07:00,0,44
new_toggle/styles.css,279,css,cb740eff,Carter Tran,2025-04-10,01:11:31,-07:00,2025-04-10T01:11:31-07:00,0,0
new_toggle/styles.css,280,css,cb740eff,Carter Tran,2025-04-10,01:11:31,-07:00,2025-04-10T01:11:31-07:00,0,0
new_toggle/styles.css,281,css,cb740eff,Carter Tran,2025-04-10,01:11:31,-07:00,2025-04-10T01:11:31-07:00,0,41
new_toggle/styles.css,282,css,cb740eff,Carter Tran,2025-04-10,01:11:31,-07:00,2025-04-10T01:11:31-07:00,0,11
new_toggle/styles.css,283,css,cb740eff,Carter Tran,2025-04-10,01:11:31,-07:00,2025-04-10T01:11:31-07:00,0,12
new_toggle/styles.css,284,css,cb740eff,Carter Tran,2025-04-10,01:11:31,-07:00,2025-04-10T01:11:31-07:00,0,16
new_toggle/styles.css,285,css,cb740eff,Carter Tran,2025-04-10,01:11:31,-07:00,2025-04-10T01:11:31-07:00,0,18
new_toggle/styles.css,286,css,cb740eff,Carter Tran,2025-04-10,01:11:31,-07:00,2025-04-10T01:11:31-07:00,0,10
new_toggle/styles.css,287,css,cb740eff,Carter Tran,2025-04-10,01:11:31,-07:00,2025-04-10T01:11:31-07:00,0,12
new_toggle/styles.css,288,css,cb740eff,Carter Tran,2025-04-10,01:11:31,-07:00,2025-04-10T01:11:31-07:00,0,44
new_toggle/styles.css,289,css,cb740eff,Carter Tran,2025-04-10,01:11:31,-07:00,2025-04-10T01:11:31-07:00,0,0
new_toggle/styles.css,290,css,cb740eff,Carter Tran,2025-04-10,01:11:31,-07:00,2025-04-10T01:11:31-07:00,0,0
new_toggle/styles.css,291,css,cb740eff,Carter Tran,2025-04-10,01:11:31,-07:00,2025-04-10T01:11:31-07:00,0,41
new_toggle/styles.css,292,css,cb740eff,Carter Tran,2025-04-10,01:11:31,-07:00,2025-04-10T01:11:31-07:00,0,11
new_toggle/styles.css,293,css,cb740eff,Carter Tran,2025-04-10,01:11:31,-07:00,2025-04-10T01:11:31-07:00,0,12
new_toggle/styles.css,294,css,cb740eff,Carter Tran,2025-04-10,01:11:31,-07:00,2025-04-10T01:11:31-07:00,0,16
new_toggle/styles.css,295,css,cb740eff,Carter Tran,2025-04-10,01:11:31,-07:00,2025-04-10T01:11:31-07:00,0,18
new_toggle/styles.css,296,css,cb740eff,Carter Tran,2025-04-10,01:11:31,-07:00,2025-04-10T01:11:31-07:00,0,10
new_toggle/styles.css,297,css,cb740eff,Carter Tran,2025-04-10,01:11:31,-07:00,2025-04-10T01:11:31-07:00,0,9
new_toggle/styles.css,298,css,cb740eff,Carter Tran,2025-04-10,01:11:31,-07:00,2025-04-10T01:11:31-07:00,0,44
new_toggle/styles.css,299,css,cb740eff,Carter Tran,2025-04-10,01:11:31,-07:00,2025-04-10T01:11:31-07:00,0,0
new_toggle/styles.css,300,css,cb740eff,Carter Tran,2025-04-10,01:11:31,-07:00,2025-04-10T01:11:31-07:00,0,0
new_toggle/styles.css,301,css,cb740eff,Carter Tran,2025-04-10,01:11:31,-07:00,2025-04-10T01:11:31-07:00,0,16
new_toggle/styles.css,302,css,cb740eff,Carter Tran,2025-04-10,01:11:31,-07:00,2025-04-10T01:11:31-07:00,0,3
new_toggle/styles.css,303,css,cb740eff,Carter Tran,2025-04-10,01:11:31,-07:00,2025-04-10T01:11:31-07:00,0,15
new_toggle/styles.css,304,css,cb740eff,Carter Tran,2025-04-10,01:11:31,-07:00,2025-04-10T01:11:31-07:00,0,0
new_toggle/styles.css,305,css,cb740eff,Carter Tran,2025-04-10,01:11:31,-07:00,2025-04-10T01:11:31-07:00,0,0
new_toggle/styles.css,306,css,cb740eff,Carter Tran,2025-04-10,01:11:31,-07:00,2025-04-10T01:11:31-07:00,0,4
new_toggle/styles.css,307,css,cb740eff,Carter Tran,2025-04-10,01:11:31,-07:00,2025-04-10T01:11:31-07:00,0,26
new_toggle/styles.css,308,css,cb740eff,Carter Tran,2025-04-10,01:11:31,-07:00,2025-04-10T01:11:31-07:00,0,0
new_toggle/styles.css,309,css,cb740eff,Carter Tran,2025-04-10,01:11:31,-07:00,2025-04-10T01:11:31-07:00,0,0
new_toggle/styles.css,310,css,cb740eff,Carter Tran,2025-04-10,01:11:31,-07:00,2025-04-10T01:11:31-07:00,0,5
new_toggle/styles.css,311,css,cb740eff,Carter Tran,2025-04-10,01:11:31,-07:00,2025-04-10T01:11:31-07:00,0,27
new_toggle/styles.css,312,css,cb740eff,Carter Tran,2025-04-10,01:11:31,-07:00,2025-04-10T01:11:31-07:00,0,0
new_toggle/styles.css,313,css,cb740eff,Carter Tran,2025-04-10,01:11:31,-07:00,2025-04-10T01:11:31-07:00,0,0
new_toggle/styles.css,314,css,cb740eff,Carter Tran,2025-04-10,01:11:31,-07:00,2025-04-10T01:11:31-07:00,0,0
new_toggle/styles.css,315,css,cb740eff,Carter Tran,2025-04-10,01:11:31,-07:00,2025-04-10T01:11:31-07:00,0,2
new_toggle/styles.css,316,css,cb740eff,Carter Tran,2025-04-10,01:11:31,-07:00,2025-04-10T01:11:31-07:00,0,18
new_toggle/styles.css,317,css,cb740eff,Carter Tran,2025-04-10,01:11:31,-07:00,2025-04-10T01:11:31-07:00,0,20
new_toggle/styles.css,318,css,cb740eff,Carter Tran,2025-04-10,01:11:31,-07:00,2025-04-10T01:11:31-07:00,0,19
new_toggle/styles.css,319,css,cb740eff,Carter Tran,2025-04-10,01:11:31,-07:00,2025-04-10T01:11:31-07:00,0,11
new_toggle/styles.css,320,css,cb740eff,Carter Tran,2025-04-10,01:11:31,-07:00,2025-04-10T01:11:31-07:00,0,0
new_toggle/styles.css,321,css,cb740eff,Carter Tran,2025-04-10,01:11:31,-07:00,2025-04-10T01:11:31-07:00,0,0
new_toggle/styles.css,322,css,cb740eff,Carter Tran,2025-04-10,01:11:31,-07:00,2025-04-10T01:11:31-07:00,0,10
new_toggle/styles.css,323,css,cb740eff,Carter Tran,2025-04-10,01:11:31,-07:00,2025-04-10T01:11:31-07:00,0,19
new_toggle/styles.css,324,css,cb740eff,Carter Tran,2025-04-10,01:11:31,-07:00,2025-04-10T01:11:31-07:00,0,0
new_toggle/index.html,1,html,cb740eff,Carter Tran,2025-04-10,01:11:31,-07:00,2025-04-10T01:11:31-07:00,0,14
new_toggle/index.html,2,html,cb740eff,Carter Tran,2025-04-10,01:11:31,-07:00,2025-04-10T01:11:31-07:00,0,15
new_toggle/index.html,3,html,cb740eff,Carter Tran,2025-04-10,01:11:31,-07:00,2025-04-10T01:11:31-07:00,0,0
new_toggle/index.html,4,html,cb740eff,Carter Tran,2025-04-10,01:11:31,-07:00,2025-04-10T01:11:31-07:00,0,5
new_toggle/index.html,5,html,cb740eff,Carter Tran,2025-04-10,01:11:31,-07:00,2025-04-10T01:11:31-07:00,0,21
new_toggle/index.html,6,html,cb740eff,Carter Tran,2025-04-10,01:11:31,-07:00,2025-04-10T01:11:31-07:00,0,52
new_toggle/index.html,7,html,cb740eff,Carter Tran,2025-04-10,01:11:31,-07:00,2025-04-10T01:11:31-07:00,0,67
new_toggle/index.html,8,html,cb740eff,Carter Tran,2025-04-10,01:11:31,-07:00,2025-04-10T01:11:31-07:00,0,27
new_toggle/index.html,9,html,cb740eff,Carter Tran,2025-04-10,01:11:31,-07:00,2025-04-10T01:11:31-07:00,0,6
new_toggle/index.html,10,html,cb740eff,Carter Tran,2025-04-10,01:11:31,-07:00,2025-04-10T01:11:31-07:00,0,0
new_toggle/index.html,11,html,cb740eff,Carter Tran,2025-04-10,01:11:31,-07:00,2025-04-10T01:11:31-07:00,0,5
new_toggle/index.html,12,html,cb740eff,Carter Tran,2025-04-10,01:11:31,-07:00,2025-04-10T01:11:31-07:00,0,20
new_toggle/index.html,13,html,cb740eff,Carter Tran,2025-04-10,01:11:31,-07:00,2025-04-10T01:11:31-07:00,0,41
new_toggle/index.html,14,html,cb740eff,Carter Tran,2025-04-10,01:11:31,-07:00,2025-04-10T01:11:31-07:00,0,41
new_toggle/index.html,15,html,cb740eff,Carter Tran,2025-04-10,01:11:31,-07:00,2025-04-10T01:11:31-07:00,0,27
new_toggle/index.html,16,html,cb740eff,Carter Tran,2025-04-10,01:11:31,-07:00,2025-04-10T01:11:31-07:00,0,36
new_toggle/index.html,17,html,cb740eff,Carter Tran,2025-04-10,01:11:31,-07:00,2025-04-10T01:11:31-07:00,0,36
new_toggle/index.html,18,html,cb740eff,Carter Tran,2025-04-10,01:11:31,-07:00,2025-04-10T01:11:31-07:00,0,36
new_toggle/index.html,19,html,cb740eff,Carter Tran,2025-04-10,01:11:31,-07:00,2025-04-10T01:11:31-07:00,0,36
new_toggle/index.html,20,html,cb740eff,Carter Tran,2025-04-10,01:11:31,-07:00,2025-04-10T01:11:31-07:00,0,36
new_toggle/index.html,21,html,cb740eff,Carter Tran,2025-04-10,01:11:31,-07:00,2025-04-10T01:11:31-07:00,0,36
new_toggle/index.html,22,html,cb740eff,Carter Tran,2025-04-10,01:11:31,-07:00,2025-04-10T01:11:31-07:00,0,36
new_toggle/index.html,23,html,cb740eff,Carter Tran,2025-04-10,01:11:31,-07:00,2025-04-10T01:11:31-07:00,0,6
new_toggle/index.html,24,html,cb740eff,Carter Tran,2025-04-10,01:11:31,-07:00,2025-04-10T01:11:31-07:00,0,32
new_toggle/index.html,25,html,cb740eff,Carter Tran,2025-04-10,01:11:31,-07:00,2025-04-10T01:11:31-07:00,0,32
new_toggle/index.html,26,html,cb740eff,Carter Tran,2025-04-10,01:11:31,-07:00,2025-04-10T01:11:31-07:00,0,32
new_toggle/index.html,27,html,cb740eff,Carter Tran,2025-04-10,01:11:31,-07:00,2025-04-10T01:11:31-07:00,0,32
new_toggle/index.html,28,html,cb740eff,Carter Tran,2025-04-10,01:11:31,-07:00,2025-04-10T01:11:31-07:00,0,32
new_toggle/index.html,29,html,cb740eff,Carter Tran,2025-04-10,01:11:31,-07:00,2025-04-10T01:11:31-07:00,0,32
new_toggle/index.html,30,html,cb740eff,Carter Tran,2025-04-10,01:11:31,-07:00,2025-04-10T01:11:31-07:00,0,32
new_toggle/index.html,31,html,cb740eff,Carter Tran,2025-04-10,01:11:31,-07:00,2025-04-10T01:11:31-07:00,0,32
new_toggle/index.html,32,html,cb740eff,Carter Tran,2025-04-10,01:11:31,-07:00,2025-04-10T01:11:31-07:00,0,7
new_toggle/index.html,33,html,cb740eff,Carter Tran,2025-04-10,01:11:31,-07:00,2025-04-10T01:11:31-07:00,0,5
new_toggle/index.html,34,html,cb740eff,Carter Tran,2025-04-10,01:11:31,-07:00,2025-04-10T01:11:31-07:00,0,6
new_toggle/index.html,35,html,cb740eff,Carter Tran,2025-04-10,01:11:31,-07:00,2025-04-10T01:11:31-07:00,0,0
new_toggle/index.html,36,html,cb740eff,Carter Tran,2025-04-10,01:11:31,-07:00,2025-04-10T01:11:31-07:00,0,6
components/ThemeToggle.css,1,css,8b51e64b,Carter Tran,2025-04-10,23:12:10,-07:00,2025-04-10T23:12:10-07:00,0,44
components/ThemeToggle.css,2,css,8b51e64b,Carter Tran,2025-04-10,23:12:10,-07:00,2025-04-10T23:12:10-07:00,0,2
components/ThemeToggle.css,3,css,8b51e64b,Carter Tran,2025-04-10,23:12:10,-07:00,2025-04-10T23:12:10-07:00,0,26
components/ThemeToggle.css,4,css,8b51e64b,Carter Tran,2025-04-10,23:12:10,-07:00,2025-04-10T23:12:10-07:00,0,28
components/ThemeToggle.css,5,css,8b51e64b,Carter Tran,2025-04-10,23:12:10,-07:00,2025-04-10T23:12:10-07:00,0,0
components/ThemeToggle.css,6,css,8b51e64b,Carter Tran,2025-04-10,23:12:10,-07:00,2025-04-10T23:12:10-07:00,0,0
components/ThemeToggle.css,7,css,cb740eff,Carter Tran,2025-04-10,01:11:31,-07:00,2025-04-10T01:11:31-07:00,0,9
components/ThemeToggle.css,8,css,cb740eff,Carter Tran,2025-04-10,01:11:31,-07:00,2025-04-10T01:11:31-07:00,0,18
components/ThemeToggle.css,9,css,eb2409fd,Carter Tran,2025-04-10,10:12:31,-07:00,2025-04-10T10:12:31-07:00,0,20
components/ThemeToggle.css,10,css,eb2409fd,Carter Tran,2025-04-10,10:12:31,-07:00,2025-04-10T10:12:31-07:00,0,19
components/ThemeToggle.css,11,css,cb740eff,Carter Tran,2025-04-10,01:11:31,-07:00,2025-04-10T01:11:31-07:00,0,0
components/ThemeToggle.css,12,css,cb740eff,Carter Tran,2025-04-10,01:11:31,-07:00,2025-04-10T01:11:31-07:00,0,0
components/ThemeToggle.css,13,css,cb740eff,Carter Tran,2025-04-10,01:11:31,-07:00,2025-04-10T01:11:31-07:00,0,14
components/ThemeToggle.css,14,css,cb740eff,Carter Tran,2025-04-10,01:11:31,-07:00,2025-04-10T01:11:31-07:00,0,10
components/ThemeToggle.css,15,css,cb740eff,Carter Tran,2025-04-10,01:11:31,-07:00,2025-04-10T01:11:31-07:00,0,9
components/ThemeToggle.css,16,css,cb740eff,Carter Tran,2025-04-10,01:11:31,-07:00,2025-04-10T01:11:31-07:00,0,8
components/ThemeToggle.css,17,css,cb740eff,Carter Tran,2025-04-10,01:11:31,-07:00,2025-04-10T01:11:31-07:00,0,0
components/ThemeToggle.css,18,css,cb740eff,Carter Tran,2025-04-10,01:11:31,-07:00,2025-04-10T01:11:31-07:00,0,0
components/ThemeToggle.css,19,css,cb740eff,Carter Tran,2025-04-10,01:11:31,-07:00,2025-04-10T01:11:31-07:00,0,8
components/ThemeToggle.css,20,css,cb740eff,Carter Tran,2025-04-10,01:11:31,-07:00,2025-04-10T01:11:31-07:00,0,18
components/ThemeToggle.css,21,css,cb740eff,Carter Tran,2025-04-10,01:11:31,-07:00,2025-04-10T01:11:31-07:00,0,15
components/ThemeToggle.css,22,css,cb740eff,Carter Tran,2025-04-10,01:11:31,-07:00,2025-04-10T01:11:31-07:00,0,21
components/ThemeToggle.css,23,css,cb740eff,Carter Tran,2025-04-10,01:11:31,-07:00,2025-04-10T01:11:31-07:00,0,12
components/ThemeToggle.css,24,css,cb740eff,Carter Tran,2025-04-10,01:11:31,-07:00,2025-04-10T01:11:31-07:00,0,12
components/ThemeToggle.css,25,css,cb740eff,Carter Tran,2025-04-10,01:11:31,-07:00,2025-04-10T01:11:31-07:00,0,19
components/ThemeToggle.css,26,css,8b51e64b,Carter Tran,2025-04-10,23:12:10,-07:00,2025-04-10T23:12:10-07:00,0,63
components/ThemeToggle.css,27,css,cb740eff,Carter Tran,2025-04-10,01:11:31,-07:00,2025-04-10T01:11:31-07:00,0,17
components/ThemeToggle.css,28,css,cb740eff,Carter Tran,2025-04-10,01:11:31,-07:00,2025-04-10T01:11:31-07:00,0,16
components/ThemeToggle.css,29,css,eb2409fd,Carter Tran,2025-04-10,10:12:31,-07:00,2025-04-10T10:12:31-07:00,0,22
components/ThemeToggle.css,30,css,cb740eff,Carter Tran,2025-04-10,01:11:31,-07:00,2025-04-10T01:11:31-07:00,0,0
components/ThemeToggle.css,31,css,cb740eff,Carter Tran,2025-04-10,01:11:31,-07:00,2025-04-10T01:11:31-07:00,0,0
components/ThemeToggle.css,32,css,cb740eff,Carter Tran,2025-04-10,01:11:31,-07:00,2025-04-10T01:11:31-07:00,0,15
components/ThemeToggle.css,33,css,cb740eff,Carter Tran,2025-04-10,01:11:31,-07:00,2025-04-10T01:11:31-07:00,0,18
components/ThemeToggle.css,34,css,cb740eff,Carter Tran,2025-04-10,01:11:31,-07:00,2025-04-10T01:11:31-07:00,0,21
components/ThemeToggle.css,35,css,cb740eff,Carter Tran,2025-04-10,01:11:31,-07:00,2025-04-10T01:11:31-07:00,0,10
components/ThemeToggle.css,36,css,cb740eff,Carter Tran,2025-04-10,01:11:31,-07:00,2025-04-10T01:11:31-07:00,0,9
components/ThemeToggle.css,37,css,cb740eff,Carter Tran,2025-04-10,01:11:31,-07:00,2025-04-10T01:11:31-07:00,0,11
components/ThemeToggle.css,38,css,cb740eff,Carter Tran,2025-04-10,01:11:31,-07:00,2025-04-10T01:11:31-07:00,0,12
components/ThemeToggle.css,39,css,8b51e64b,Carter Tran,2025-04-10,23:12:10,-07:00,2025-04-10T23:12:10-07:00,0,63
components/ThemeToggle.css,40,css,cb740eff,Carter Tran,2025-04-10,01:11:31,-07:00,2025-04-10T01:11:31-07:00,0,19
components/ThemeToggle.css,41,css,cb740eff,Carter Tran,2025-04-10,01:11:31,-07:00,2025-04-10T01:11:31-07:00,0,16
components/ThemeToggle.css,42,css,cb740eff,Carter Tran,2025-04-10,01:11:31,-07:00,2025-04-10T01:11:31-07:00,0,46
components/ThemeToggle.css,43,css,cb740eff,Carter Tran,2025-04-10,01:11:31,-07:00,2025-04-10T01:11:31-07:00,0,30
components/ThemeToggle.css,44,css,cb740eff,Carter Tran,2025-04-10,01:11:31,-07:00,2025-04-10T01:11:31-07:00,0,0
components/ThemeToggle.css,45,css,cb740eff,Carter Tran,2025-04-10,01:11:31,-07:00,2025-04-10T01:11:31-07:00,0,0
components/ThemeToggle.css,46,css,cb740eff,Carter Tran,2025-04-10,01:11:31,-07:00,2025-04-10T01:11:31-07:00,0,8
components/ThemeToggle.css,47,css,cb740eff,Carter Tran,2025-04-10,01:11:31,-07:00,2025-04-10T01:11:31-07:00,0,18
components/ThemeToggle.css,48,css,cb740eff,Carter Tran,2025-04-10,01:11:31,-07:00,2025-04-10T01:11:31-07:00,0,21
components/ThemeToggle.css,49,css,cb740eff,Carter Tran,2025-04-10,01:11:31,-07:00,2025-04-10T01:11:31-07:00,0,19
components/ThemeToggle.css,50,css,8b51e64b,Carter Tran,2025-04-10,23:12:10,-07:00,2025-04-10T23:12:10-07:00,0,63
components/ThemeToggle.css,51,css,cb740eff,Carter Tran,2025-04-10,01:11:31,-07:00,2025-04-10T01:11:31-07:00,0,17
components/ThemeToggle.css,52,css,cb740eff,Carter Tran,2025-04-10,01:11:31,-07:00,2025-04-10T01:11:31-07:00,0,0
components/ThemeToggle.css,53,css,cb740eff,Carter Tran,2025-04-10,01:11:31,-07:00,2025-04-10T01:11:31-07:00,0,0
components/ThemeToggle.css,54,css,cb740eff,Carter Tran,2025-04-10,01:11:31,-07:00,2025-04-10T01:11:31-07:00,0,10
components/ThemeToggle.css,55,css,cb740eff,Carter Tran,2025-04-10,01:11:31,-07:00,2025-04-10T01:11:31-07:00,0,19
components/ThemeToggle.css,56,css,cb740eff,Carter Tran,2025-04-10,01:11:31,-07:00,2025-04-10T01:11:31-07:00,0,11
components/ThemeToggle.css,57,css,cb740eff,Carter Tran,2025-04-10,01:11:31,-07:00,2025-04-10T01:11:31-07:00,0,12
components/ThemeToggle.css,58,css,cb740eff,Carter Tran,2025-04-10,01:11:31,-07:00,2025-04-10T01:11:31-07:00,0,9
components/ThemeToggle.css,59,css,cb740eff,Carter Tran,2025-04-10,01:11:31,-07:00,2025-04-10T01:11:31-07:00,0,11
components/ThemeToggle.css,60,css,8b51e64b,Carter Tran,2025-04-10,23:12:10,-07:00,2025-04-10T23:12:10-07:00,0,55
components/ThemeToggle.css,61,css,cb740eff,Carter Tran,2025-04-10,01:11:31,-07:00,2025-04-10T01:11:31-07:00,0,0
components/ThemeToggle.css,62,css,cb740eff,Carter Tran,2025-04-10,01:11:31,-07:00,2025-04-10T01:11:31-07:00,0,0
components/ThemeToggle.css,63,css,cb740eff,Carter Tran,2025-04-10,01:11:31,-07:00,2025-04-10T01:11:31-07:00,0,10
components/ThemeToggle.css,64,css,cb740eff,Carter Tran,2025-04-10,01:11:31,-07:00,2025-04-10T01:11:31-07:00,0,11
components/ThemeToggle.css,65,css,cb740eff,Carter Tran,2025-04-10,01:11:31,-07:00,2025-04-10T01:11:31-07:00,0,12
components/ThemeToggle.css,66,css,cb740eff,Carter Tran,2025-04-10,01:11:31,-07:00,2025-04-10T01:11:31-07:00,0,11
components/ThemeToggle.css,67,css,cb740eff,Carter Tran,2025-04-10,01:11:31,-07:00,2025-04-10T01:11:31-07:00,0,10
components/ThemeToggle.css,68,css,cb740eff,Carter Tran,2025-04-10,01:11:31,-07:00,2025-04-10T01:11:31-07:00,0,0
components/ThemeToggle.css,69,css,cb740eff,Carter Tran,2025-04-10,01:11:31,-07:00,2025-04-10T01:11:31-07:00,0,0
components/ThemeToggle.css,70,css,cb740eff,Carter Tran,2025-04-10,01:11:31,-07:00,2025-04-10T01:11:31-07:00,0,10
components/ThemeToggle.css,71,css,cb740eff,Carter Tran,2025-04-10,01:11:31,-07:00,2025-04-10T01:11:31-07:00,0,10
components/ThemeToggle.css,72,css,cb740eff,Carter Tran,2025-04-10,01:11:31,-07:00,2025-04-10T01:11:31-07:00,0,11
components/ThemeToggle.css,73,css,cb740eff,Carter Tran,2025-04-10,01:11:31,-07:00,2025-04-10T01:11:31-07:00,0,9
components/ThemeToggle.css,74,css,cb740eff,Carter Tran,2025-04-10,01:11:31,-07:00,2025-04-10T01:11:31-07:00,0,11
components/ThemeToggle.css,75,css,cb740eff,Carter Tran,2025-04-10,01:11:31,-07:00,2025-04-10T01:11:31-07:00,0,0
components/ThemeToggle.css,76,css,cb740eff,Carter Tran,2025-04-10,01:11:31,-07:00,2025-04-10T01:11:31-07:00,0,0
components/ThemeToggle.css,77,css,cb740eff,Carter Tran,2025-04-10,01:11:31,-07:00,2025-04-10T01:11:31-07:00,0,10
components/ThemeToggle.css,78,css,cb740eff,Carter Tran,2025-04-10,01:11:31,-07:00,2025-04-10T01:11:31-07:00,0,10
components/ThemeToggle.css,79,css,cb740eff,Carter Tran,2025-04-10,01:11:31,-07:00,2025-04-10T01:11:31-07:00,0,11
components/ThemeToggle.css,80,css,cb740eff,Carter Tran,2025-04-10,01:11:31,-07:00,2025-04-10T01:11:31-07:00,0,9
components/ThemeToggle.css,81,css,cb740eff,Carter Tran,2025-04-10,01:11:31,-07:00,2025-04-10T01:11:31-07:00,0,10
components/ThemeToggle.css,82,css,cb740eff,Carter Tran,2025-04-10,01:11:31,-07:00,2025-04-10T01:11:31-07:00,0,0
components/ThemeToggle.css,83,css,cb740eff,Carter Tran,2025-04-10,01:11:31,-07:00,2025-04-10T01:11:31-07:00,0,0
components/ThemeToggle.css,84,css,cb740eff,Carter Tran,2025-04-10,01:11:31,-07:00,2025-04-10T01:11:31-07:00,0,10
components/ThemeToggle.css,85,css,cb740eff,Carter Tran,2025-04-10,01:11:31,-07:00,2025-04-10T01:11:31-07:00,0,12
components/ThemeToggle.css,86,css,cb740eff,Carter Tran,2025-04-10,01:11:31,-07:00,2025-04-10T01:11:31-07:00,0,13
components/ThemeToggle.css,87,css,cb740eff,Carter Tran,2025-04-10,01:11:31,-07:00,2025-04-10T01:11:31-07:00,0,9
components/ThemeToggle.css,88,css,cb740eff,Carter Tran,2025-04-10,01:11:31,-07:00,2025-04-10T01:11:31-07:00,0,10
components/ThemeToggle.css,89,css,cb740eff,Carter Tran,2025-04-10,01:11:31,-07:00,2025-04-10T01:11:31-07:00,0,0
components/ThemeToggle.css,90,css,cb740eff,Carter Tran,2025-04-10,01:11:31,-07:00,2025-04-10T01:11:31-07:00,0,0
components/ThemeToggle.css,91,css,cb740eff,Carter Tran,2025-04-10,01:11:31,-07:00,2025-04-10T01:11:31-07:00,0,10
components/ThemeToggle.css,92,css,cb740eff,Carter Tran,2025-04-10,01:11:31,-07:00,2025-04-10T01:11:31-07:00,0,10
components/ThemeToggle.css,93,css,cb740eff,Carter Tran,2025-04-10,01:11:31,-07:00,2025-04-10T01:11:31-07:00,0,11
components/ThemeToggle.css,94,css,cb740eff,Carter Tran,2025-04-10,01:11:31,-07:00,2025-04-10T01:11:31-07:00,0,9
components/ThemeToggle.css,95,css,cb740eff,Carter Tran,2025-04-10,01:11:31,-07:00,2025-04-10T01:11:31-07:00,0,10
components/ThemeToggle.css,96,css,cb740eff,Carter Tran,2025-04-10,01:11:31,-07:00,2025-04-10T01:11:31-07:00,0,0
components/ThemeToggle.css,97,css,cb740eff,Carter Tran,2025-04-10,01:11:31,-07:00,2025-04-10T01:11:31-07:00,0,0
components/ThemeToggle.css,98,css,cb740eff,Carter Tran,2025-04-10,01:11:31,-07:00,2025-04-10T01:11:31-07:00,0,10
components/ThemeToggle.css,99,css,cb740eff,Carter Tran,2025-04-10,01:11:31,-07:00,2025-04-10T01:11:31-07:00,0,10
components/ThemeToggle.css,100,css,cb740eff,Carter Tran,2025-04-10,01:11:31,-07:00,2025-04-10T01:11:31-07:00,0,11
components/ThemeToggle.css,101,css,cb740eff,Carter Tran,2025-04-10,01:11:31,-07:00,2025-04-10T01:11:31-07:00,0,13
components/ThemeToggle.css,102,css,cb740eff,Carter Tran,2025-04-10,01:11:31,-07:00,2025-04-10T01:11:31-07:00,0,12
components/ThemeToggle.css,103,css,cb740eff,Carter Tran,2025-04-10,01:11:31,-07:00,2025-04-10T01:11:31-07:00,0,0
components/ThemeToggle.css,104,css,cb740eff,Carter Tran,2025-04-10,01:11:31,-07:00,2025-04-10T01:11:31-07:00,0,0
components/ThemeToggle.css,105,css,cb740eff,Carter Tran,2025-04-10,01:11:31,-07:00,2025-04-10T01:11:31-07:00,0,6
components/ThemeToggle.css,106,css,cb740eff,Carter Tran,2025-04-10,01:11:31,-07:00,2025-04-10T01:11:31-07:00,0,18
components/ThemeToggle.css,107,css,cb740eff,Carter Tran,2025-04-10,01:11:31,-07:00,2025-04-10T01:11:31-07:00,0,21
components/ThemeToggle.css,108,css,8b51e64b,Carter Tran,2025-04-10,23:12:10,-07:00,2025-04-10T23:12:10-07:00,0,56
components/ThemeToggle.css,109,css,cb740eff,Carter Tran,2025-04-10,01:11:31,-07:00,2025-04-10T01:11:31-07:00,0,16
components/ThemeToggle.css,110,css,cb740eff,Carter Tran,2025-04-10,01:11:31,-07:00,2025-04-10T01:11:31-07:00,0,45
components/ThemeToggle.css,111,css,cb740eff,Carter Tran,2025-04-10,01:11:31,-07:00,2025-04-10T01:11:31-07:00,0,0
components/ThemeToggle.css,112,css,cb740eff,Carter Tran,2025-04-10,01:11:31,-07:00,2025-04-10T01:11:31-07:00,0,0
components/ThemeToggle.css,113,css,cb740eff,Carter Tran,2025-04-10,01:11:31,-07:00,2025-04-10T01:11:31-07:00,0,8
components/ThemeToggle.css,114,css,cb740eff,Carter Tran,2025-04-10,01:11:31,-07:00,2025-04-10T01:11:31-07:00,0,10
components/ThemeToggle.css,115,css,cb740eff,Carter Tran,2025-04-10,01:11:31,-07:00,2025-04-10T01:11:31-07:00,0,11
components/ThemeToggle.css,116,css,cb740eff,Carter Tran,2025-04-10,01:11:31,-07:00,2025-04-10T01:11:31-07:00,0,11
components/ThemeToggle.css,117,css,cb740eff,Carter Tran,2025-04-10,01:11:31,-07:00,2025-04-10T01:11:31-07:00,0,12
components/ThemeToggle.css,118,css,cb740eff,Carter Tran,2025-04-10,01:11:31,-07:00,2025-04-10T01:11:31-07:00,0,0
components/ThemeToggle.css,119,css,cb740eff,Carter Tran,2025-04-10,01:11:31,-07:00,2025-04-10T01:11:31-07:00,0,0
components/ThemeToggle.css,120,css,cb740eff,Carter Tran,2025-04-10,01:11:31,-07:00,2025-04-10T01:11:31-07:00,0,8
components/ThemeToggle.css,121,css,cb740eff,Carter Tran,2025-04-10,01:11:31,-07:00,2025-04-10T01:11:31-07:00,0,10
components/ThemeToggle.css,122,css,cb740eff,Carter Tran,2025-04-10,01:11:31,-07:00,2025-04-10T01:11:31-07:00,0,11
components/ThemeToggle.css,123,css,cb740eff,Carter Tran,2025-04-10,01:11:31,-07:00,2025-04-10T01:11:31-07:00,0,11
components/ThemeToggle.css,124,css,cb740eff,Carter Tran,2025-04-10,01:11:31,-07:00,2025-04-10T01:11:31-07:00,0,8
components/ThemeToggle.css,125,css,cb740eff,Carter Tran,2025-04-10,01:11:31,-07:00,2025-04-10T01:11:31-07:00,0,0
components/ThemeToggle.css,126,css,cb740eff,Carter Tran,2025-04-10,01:11:31,-07:00,2025-04-10T01:11:31-07:00,0,0
components/ThemeToggle.css,127,css,cb740eff,Carter Tran,2025-04-10,01:11:31,-07:00,2025-04-10T01:11:31-07:00,0,8
components/ThemeToggle.css,128,css,cb740eff,Carter Tran,2025-04-10,01:11:31,-07:00,2025-04-10T01:11:31-07:00,0,12
components/ThemeToggle.css,129,css,cb740eff,Carter Tran,2025-04-10,01:11:31,-07:00,2025-04-10T01:11:31-07:00,0,13
components/ThemeToggle.css,130,css,cb740eff,Carter Tran,2025-04-10,01:11:31,-07:00,2025-04-10T01:11:31-07:00,0,11
components/ThemeToggle.css,131,css,cb740eff,Carter Tran,2025-04-10,01:11:31,-07:00,2025-04-10T01:11:31-07:00,0,13
components/ThemeToggle.css,132,css,cb740eff,Carter Tran,2025-04-10,01:11:31,-07:00,2025-04-10T01:11:31-07:00,0,0
components/ThemeToggle.css,133,css,cb740eff,Carter Tran,2025-04-10,01:11:31,-07:00,2025-04-10T01:11:31-07:00,0,0
components/ThemeToggle.css,134,css,cb740eff,Carter Tran,2025-04-10,01:11:31,-07:00,2025-04-10T01:11:31-07:00,0,8
components/ThemeToggle.css,135,css,cb740eff,Carter Tran,2025-04-10,01:11:31,-07:00,2025-04-10T01:11:31-07:00,0,12
components/ThemeToggle.css,136,css,cb740eff,Carter Tran,2025-04-10,01:11:31,-07:00,2025-04-10T01:11:31-07:00,0,13
components/ThemeToggle.css,137,css,cb740eff,Carter Tran,2025-04-10,01:11:31,-07:00,2025-04-10T01:11:31-07:00,0,11
components/ThemeToggle.css,138,css,cb740eff,Carter Tran,2025-04-10,01:11:31,-07:00,2025-04-10T01:11:31-07:00,0,12
components/ThemeToggle.css,139,css,cb740eff,Carter Tran,2025-04-10,01:11:31,-07:00,2025-04-10T01:11:31-07:00,0,0
components/ThemeToggle.css,140,css,cb740eff,Carter Tran,2025-04-10,01:11:31,-07:00,2025-04-10T01:11:31-07:00,0,0
components/ThemeToggle.css,141,css,cb740eff,Carter Tran,2025-04-10,01:11:31,-07:00,2025-04-10T01:11:31-07:00,0,8
components/ThemeToggle.css,142,css,cb740eff,Carter Tran,2025-04-10,01:11:31,-07:00,2025-04-10T01:11:31-07:00,0,10
components/ThemeToggle.css,143,css,cb740eff,Carter Tran,2025-04-10,01:11:31,-07:00,2025-04-10T01:11:31-07:00,0,11
components/ThemeToggle.css,144,css,cb740eff,Carter Tran,2025-04-10,01:11:31,-07:00,2025-04-10T01:11:31-07:00,0,10
components/ThemeToggle.css,145,css,cb740eff,Carter Tran,2025-04-10,01:11:31,-07:00,2025-04-10T01:11:31-07:00,0,14
components/ThemeToggle.css,146,css,cb740eff,Carter Tran,2025-04-10,01:11:31,-07:00,2025-04-10T01:11:31-07:00,0,0
components/ThemeToggle.css,147,css,cb740eff,Carter Tran,2025-04-10,01:11:31,-07:00,2025-04-10T01:11:31-07:00,0,0
components/ThemeToggle.css,148,css,cb740eff,Carter Tran,2025-04-10,01:11:31,-07:00,2025-04-10T01:11:31-07:00,0,26
components/ThemeToggle.css,149,css,cb740eff,Carter Tran,2025-04-10,01:11:31,-07:00,2025-04-10T01:11:31-07:00,0,10
components/ThemeToggle.css,150,css,cb740eff,Carter Tran,2025-04-10,01:11:31,-07:00,2025-04-10T01:11:31-07:00,0,11
components/ThemeToggle.css,151,css,8b51e64b,Carter Tran,2025-04-10,23:12:10,-07:00,2025-04-10T23:12:10-07:00,0,54
components/ThemeToggle.css,152,css,cb740eff,Carter Tran,2025-04-10,01:11:31,-07:00,2025-04-10T01:11:31-07:00,0,25
components/ThemeToggle.css,153,css,cb740eff,Carter Tran,2025-04-10,01:11:31,-07:00,2025-04-10T01:11:31-07:00,0,36
components/ThemeToggle.css,154,css,cb740eff,Carter Tran,2025-04-10,01:11:31,-07:00,2025-04-10T01:11:31-07:00,0,22
components/ThemeToggle.css,155,css,cb740eff,Carter Tran,2025-04-10,01:11:31,-07:00,2025-04-10T01:11:31-07:00,0,24
components/ThemeToggle.css,156,css,cb740eff,Carter Tran,2025-04-10,01:11:31,-07:00,2025-04-10T01:11:31-07:00,0,35
components/ThemeToggle.css,157,css,cb740eff,Carter Tran,2025-04-10,01:11:31,-07:00,2025-04-10T01:11:31-07:00,0,35
components/ThemeToggle.css,158,css,cb740eff,Carter Tran,2025-04-10,01:11:31,-07:00,2025-04-10T01:11:31-07:00,0,0
components/ThemeToggle.css,159,css,cb740eff,Carter Tran,2025-04-10,01:11:31,-07:00,2025-04-10T01:11:31-07:00,0,0
components/ThemeToggle.css,160,css,cb740eff,Carter Tran,2025-04-10,01:11:31,-07:00,2025-04-10T01:11:31-07:00,0,8
components/ThemeToggle.css,161,css,cb740eff,Carter Tran,2025-04-10,01:11:31,-07:00,2025-04-10T01:11:31-07:00,0,11
components/ThemeToggle.css,162,css,cb740eff,Carter Tran,2025-04-10,01:11:31,-07:00,2025-04-10T01:11:31-07:00,0,12
components/ThemeToggle.css,163,css,cb740eff,Carter Tran,2025-04-10,01:11:31,-07:00,2025-04-10T01:11:31-07:00,0,20
components/ThemeToggle.css,164,css,cb740eff,Carter Tran,2025-04-10,01:11:31,-07:00,2025-04-10T01:11:31-07:00,0,0
components/ThemeToggle.css,165,css,cb740eff,Carter Tran,2025-04-10,01:11:31,-07:00,2025-04-10T01:11:31-07:00,0,0
components/ThemeToggle.css,166,css,cb740eff,Carter Tran,2025-04-10,01:11:31,-07:00,2025-04-10T01:11:31-07:00,0,8
components/ThemeToggle.css,167,css,cb740eff,Carter Tran,2025-04-10,01:11:31,-07:00,2025-04-10T01:11:31-07:00,0,11
components/ThemeToggle.css,168,css,cb740eff,Carter Tran,2025-04-10,01:11:31,-07:00,2025-04-10T01:11:31-07:00,0,12
components/ThemeToggle.css,169,css,cb740eff,Carter Tran,2025-04-10,01:11:31,-07:00,2025-04-10T01:11:31-07:00,0,0
components/ThemeToggle.css,170,css,cb740eff,Carter Tran,2025-04-10,01:11:31,-07:00,2025-04-10T01:11:31-07:00,0,0
components/ThemeToggle.css,171,css,cb740eff,Carter Tran,2025-04-10,01:11:31,-07:00,2025-04-10T01:11:31-07:00,0,8
components/ThemeToggle.css,172,css,cb740eff,Carter Tran,2025-04-10,01:11:31,-07:00,2025-04-10T01:11:31-07:00,0,11
components/ThemeToggle.css,173,css,cb740eff,Carter Tran,2025-04-10,01:11:31,-07:00,2025-04-10T01:11:31-07:00,0,8
components/ThemeToggle.css,174,css,cb740eff,Carter Tran,2025-04-10,01:11:31,-07:00,2025-04-10T01:11:31-07:00,0,20
components/ThemeToggle.css,175,css,cb740eff,Carter Tran,2025-04-10,01:11:31,-07:00,2025-04-10T01:11:31-07:00,0,0
components/ThemeToggle.css,176,css,cb740eff,Carter Tran,2025-04-10,01:11:31,-07:00,2025-04-10T01:11:31-07:00,0,0
components/ThemeToggle.css,177,css,cb740eff,Carter Tran,2025-04-10,01:11:31,-07:00,2025-04-10T01:11:31-07:00,0,18
components/ThemeToggle.css,178,css,cb740eff,Carter Tran,2025-04-10,01:11:31,-07:00,2025-04-10T01:11:31-07:00,0,3
components/ThemeToggle.css,179,css,cb740eff,Carter Tran,2025-04-10,01:11:31,-07:00,2025-04-10T01:11:31-07:00,0,42
components/ThemeToggle.css,180,css,cb740eff,Carter Tran,2025-04-10,01:11:31,-07:00,2025-04-10T01:11:31-07:00,0,0
components/ThemeToggle.css,181,css,cb740eff,Carter Tran,2025-04-10,01:11:31,-07:00,2025-04-10T01:11:31-07:00,0,0
components/ThemeToggle.css,182,css,cb740eff,Carter Tran,2025-04-10,01:11:31,-07:00,2025-04-10T01:11:31-07:00,0,4
components/ThemeToggle.css,183,css,cb740eff,Carter Tran,2025-04-10,01:11:31,-07:00,2025-04-10T01:11:31-07:00,0,43
components/ThemeToggle.css,184,css,cb740eff,Carter Tran,2025-04-10,01:11:31,-07:00,2025-04-10T01:11:31-07:00,0,36
components/ThemeToggle.css,185,css,cb740eff,Carter Tran,2025-04-10,01:11:31,-07:00,2025-04-10T01:11:31-07:00,0,0
components/ThemeToggle.css,186,css,cb740eff,Carter Tran,2025-04-10,01:11:31,-07:00,2025-04-10T01:11:31-07:00,0,0
components/ThemeToggle.css,187,css,cb740eff,Carter Tran,2025-04-10,01:11:31,-07:00,2025-04-10T01:11:31-07:00,0,5
components/ThemeToggle.css,188,css,cb740eff,Carter Tran,2025-04-10,01:11:31,-07:00,2025-04-10T01:11:31-07:00,0,43
components/ThemeToggle.css,189,css,cb740eff,Carter Tran,2025-04-10,01:11:31,-07:00,2025-04-10T01:11:31-07:00,0,10
components/ThemeToggle.css,190,css,cb740eff,Carter Tran,2025-04-10,01:11:31,-07:00,2025-04-10T01:11:31-07:00,0,11
components/ThemeToggle.css,191,css,cb740eff,Carter Tran,2025-04-10,01:11:31,-07:00,2025-04-10T01:11:31-07:00,0,10
components/ThemeToggle.css,192,css,cb740eff,Carter Tran,2025-04-10,01:11:31,-07:00,2025-04-10T01:11:31-07:00,0,16
components/ThemeToggle.css,193,css,cb740eff,Carter Tran,2025-04-10,01:11:31,-07:00,2025-04-10T01:11:31-07:00,0,0
components/ThemeToggle.css,194,css,cb740eff,Carter Tran,2025-04-10,01:11:31,-07:00,2025-04-10T01:11:31-07:00,0,0
components/ThemeToggle.css,195,css,cb740eff,Carter Tran,2025-04-10,01:11:31,-07:00,2025-04-10T01:11:31-07:00,0,0
components/ThemeToggle.css,196,css,cb740eff,Carter Tran,2025-04-10,01:11:31,-07:00,2025-04-10T01:11:31-07:00,0,32
components/ThemeToggle.css,197,css,cb740eff,Carter Tran,2025-04-10,01:11:31,-07:00,2025-04-10T01:11:31-07:00,0,19
components/ThemeToggle.css,198,css,cb740eff,Carter Tran,2025-04-10,01:11:31,-07:00,2025-04-10T01:11:31-07:00,0,0
components/ThemeToggle.css,199,css,cb740eff,Carter Tran,2025-04-10,01:11:31,-07:00,2025-04-10T01:11:31-07:00,0,0
components/ThemeToggle.css,200,css,cb740eff,Carter Tran,2025-04-10,01:11:31,-07:00,2025-04-10T01:11:31-07:00,0,47
components/ThemeToggle.css,201,css,cb740eff,Carter Tran,2025-04-10,01:11:31,-07:00,2025-04-10T01:11:31-07:00,0,19
components/ThemeToggle.css,202,css,cb740eff,Carter Tran,2025-04-10,01:11:31,-07:00,2025-04-10T01:11:31-07:00,0,27
components/ThemeToggle.css,203,css,cb740eff,Carter Tran,2025-04-10,01:11:31,-07:00,2025-04-10T01:11:31-07:00,0,48
components/ThemeToggle.css,204,css,cb740eff,Carter Tran,2025-04-10,01:11:31,-07:00,2025-04-10T01:11:31-07:00,0,0
components/ThemeToggle.css,205,css,cb740eff,Carter Tran,2025-04-10,01:11:31,-07:00,2025-04-10T01:11:31-07:00,0,0
components/ThemeToggle.css,206,css,cb740eff,Carter Tran,2025-04-10,01:11:31,-07:00,2025-04-10T01:11:31-07:00,0,55
components/ThemeToggle.css,207,css,cb740eff,Carter Tran,2025-04-10,01:11:31,-07:00,2025-04-10T01:11:31-07:00,0,42
components/ThemeToggle.css,208,css,cb740eff,Carter Tran,2025-04-10,01:11:31,-07:00,2025-04-10T01:11:31-07:00,0,0
components/ThemeToggle.css,209,css,cb740eff,Carter Tran,2025-04-10,01:11:31,-07:00,2025-04-10T01:11:31-07:00,0,0
components/ThemeToggle.css,210,css,cb740eff,Carter Tran,2025-04-10,01:11:31,-07:00,2025-04-10T01:11:31-07:00,0,38
components/ThemeToggle.css,211,css,cb740eff,Carter Tran,2025-04-10,01:11:31,-07:00,2025-04-10T01:11:31-07:00,0,27
components/ThemeToggle.css,212,css,cb740eff,Carter Tran,2025-04-10,01:11:31,-07:00,2025-04-10T01:11:31-07:00,0,15
components/ThemeToggle.css,213,css,cb740eff,Carter Tran,2025-04-10,01:11:31,-07:00,2025-04-10T01:11:31-07:00,0,16
components/ThemeToggle.css,214,css,cb740eff,Carter Tran,2025-04-10,01:11:31,-07:00,2025-04-10T01:11:31-07:00,0,0
components/ThemeToggle.css,215,css,cb740eff,Carter Tran,2025-04-10,01:11:31,-07:00,2025-04-10T01:11:31-07:00,0,0
components/ThemeToggle.css,216,css,cb740eff,Carter Tran,2025-04-10,01:11:31,-07:00,2025-04-10T01:11:31-07:00,0,40
components/ThemeToggle.css,217,css,cb740eff,Carter Tran,2025-04-10,01:11:31,-07:00,2025-04-10T01:11:31-07:00,0,11
components/ThemeToggle.css,218,css,cb740eff,Carter Tran,2025-04-10,01:11:31,-07:00,2025-04-10T01:11:31-07:00,0,11
components/ThemeToggle.css,219,css,8b51e64b,Carter Tran,2025-04-10,23:12:10,-07:00,2025-04-10T23:12:10-07:00,0,56
components/ThemeToggle.css,220,css,cb740eff,Carter Tran,2025-04-10,01:11:31,-07:00,2025-04-10T01:11:31-07:00,0,16
components/ThemeToggle.css,221,css,cb740eff,Carter Tran,2025-04-10,01:11:31,-07:00,2025-04-10T01:11:31-07:00,0,10
components/ThemeToggle.css,222,css,cb740eff,Carter Tran,2025-04-10,01:11:31,-07:00,2025-04-10T01:11:31-07:00,0,11
components/ThemeToggle.css,223,css,cb740eff,Carter Tran,2025-04-10,01:11:31,-07:00,2025-04-10T01:11:31-07:00,0,16
components/ThemeToggle.css,224,css,cb740eff,Carter Tran,2025-04-10,01:11:31,-07:00,2025-04-10T01:11:31-07:00,0,0
components/ThemeToggle.css,225,css,cb740eff,Carter Tran,2025-04-10,01:11:31,-07:00,2025-04-10T01:11:31-07:00,0,0
components/ThemeToggle.css,226,css,cb740eff,Carter Tran,2025-04-10,01:11:31,-07:00,2025-04-10T01:11:31-07:00,0,40
components/ThemeToggle.css,227,css,cb740eff,Carter Tran,2025-04-10,01:11:31,-07:00,2025-04-10T01:11:31-07:00,0,10
components/ThemeToggle.css,228,css,cb740eff,Carter Tran,2025-04-10,01:11:31,-07:00,2025-04-10T01:11:31-07:00,0,11
components/ThemeToggle.css,229,css,cb740eff,Carter Tran,2025-04-10,01:11:31,-07:00,2025-04-10T01:11:31-07:00,0,16
components/ThemeToggle.css,230,css,cb740eff,Carter Tran,2025-04-10,01:11:31,-07:00,2025-04-10T01:11:31-07:00,0,10
components/ThemeToggle.css,231,css,cb740eff,Carter Tran,2025-04-10,01:11:31,-07:00,2025-04-10T01:11:31-07:00,0,11
components/ThemeToggle.css,232,css,cb740eff,Carter Tran,2025-04-10,01:11:31,-07:00,2025-04-10T01:11:31-07:00,0,44
components/ThemeToggle.css,233,css,cb740eff,Carter Tran,2025-04-10,01:11:31,-07:00,2025-04-10T01:11:31-07:00,0,0
components/ThemeToggle.css,234,css,cb740eff,Carter Tran,2025-04-10,01:11:31,-07:00,2025-04-10T01:11:31-07:00,0,0
components/ThemeToggle.css,235,css,cb740eff,Carter Tran,2025-04-10,01:11:31,-07:00,2025-04-10T01:11:31-07:00,0,40
components/ThemeToggle.css,236,css,cb740eff,Carter Tran,2025-04-10,01:11:31,-07:00,2025-04-10T01:11:31-07:00,0,10
components/ThemeToggle.css,237,css,cb740eff,Carter Tran,2025-04-10,01:11:31,-07:00,2025-04-10T01:11:31-07:00,0,11
components/ThemeToggle.css,238,css,cb740eff,Carter Tran,2025-04-10,01:11:31,-07:00,2025-04-10T01:11:31-07:00,0,16
components/ThemeToggle.css,239,css,cb740eff,Carter Tran,2025-04-10,01:11:31,-07:00,2025-04-10T01:11:31-07:00,0,12
components/ThemeToggle.css,240,css,cb740eff,Carter Tran,2025-04-10,01:11:31,-07:00,2025-04-10T01:11:31-07:00,0,10
components/ThemeToggle.css,241,css,cb740eff,Carter Tran,2025-04-10,01:11:31,-07:00,2025-04-10T01:11:31-07:00,0,44
components/ThemeToggle.css,242,css,cb740eff,Carter Tran,2025-04-10,01:11:31,-07:00,2025-04-10T01:11:31-07:00,0,0
components/ThemeToggle.css,243,css,cb740eff,Carter Tran,2025-04-10,01:11:31,-07:00,2025-04-10T01:11:31-07:00,0,0
components/ThemeToggle.css,244,css,cb740eff,Carter Tran,2025-04-10,01:11:31,-07:00,2025-04-10T01:11:31-07:00,0,40
components/ThemeToggle.css,245,css,cb740eff,Carter Tran,2025-04-10,01:11:31,-07:00,2025-04-10T01:11:31-07:00,0,10
components/ThemeToggle.css,246,css,cb740eff,Carter Tran,2025-04-10,01:11:31,-07:00,2025-04-10T01:11:31-07:00,0,11
components/ThemeToggle.css,247,css,cb740eff,Carter Tran,2025-04-10,01:11:31,-07:00,2025-04-10T01:11:31-07:00,0,16
components/ThemeToggle.css,248,css,cb740eff,Carter Tran,2025-04-10,01:11:31,-07:00,2025-04-10T01:11:31-07:00,0,12
components/ThemeToggle.css,249,css,cb740eff,Carter Tran,2025-04-10,01:11:31,-07:00,2025-04-10T01:11:31-07:00,0,10
components/ThemeToggle.css,250,css,cb740eff,Carter Tran,2025-04-10,01:11:31,-07:00,2025-04-10T01:11:31-07:00,0,44
components/ThemeToggle.css,251,css,cb740eff,Carter Tran,2025-04-10,01:11:31,-07:00,2025-04-10T01:11:31-07:00,0,0
components/ThemeToggle.css,252,css,cb740eff,Carter Tran,2025-04-10,01:11:31,-07:00,2025-04-10T01:11:31-07:00,0,0
components/ThemeToggle.css,253,css,cb740eff,Carter Tran,2025-04-10,01:11:31,-07:00,2025-04-10T01:11:31-07:00,0,40
components/ThemeToggle.css,254,css,cb740eff,Carter Tran,2025-04-10,01:11:31,-07:00,2025-04-10T01:11:31-07:00,0,10
components/ThemeToggle.css,255,css,cb740eff,Carter Tran,2025-04-10,01:11:31,-07:00,2025-04-10T01:11:31-07:00,0,11
components/ThemeToggle.css,256,css,cb740eff,Carter Tran,2025-04-10,01:11:31,-07:00,2025-04-10T01:11:31-07:00,0,16
components/ThemeToggle.css,257,css,cb740eff,Carter Tran,2025-04-10,01:11:31,-07:00,2025-04-10T01:11:31-07:00,0,12
components/ThemeToggle.css,258,css,cb740eff,Carter Tran,2025-04-10,01:11:31,-07:00,2025-04-10T01:11:31-07:00,0,9
components/ThemeToggle.css,259,css,cb740eff,Carter Tran,2025-04-10,01:11:31,-07:00,2025-04-10T01:11:31-07:00,0,44
components/ThemeToggle.css,260,css,cb740eff,Carter Tran,2025-04-10,01:11:31,-07:00,2025-04-10T01:11:31-07:00,0,0
components/ThemeToggle.css,261,css,cb740eff,Carter Tran,2025-04-10,01:11:31,-07:00,2025-04-10T01:11:31-07:00,0,0
components/ThemeToggle.css,262,css,cb740eff,Carter Tran,2025-04-10,01:11:31,-07:00,2025-04-10T01:11:31-07:00,0,40
components/ThemeToggle.css,263,css,cb740eff,Carter Tran,2025-04-10,01:11:31,-07:00,2025-04-10T01:11:31-07:00,0,10
components/ThemeToggle.css,264,css,cb740eff,Carter Tran,2025-04-10,01:11:31,-07:00,2025-04-10T01:11:31-07:00,0,11
components/ThemeToggle.css,265,css,cb740eff,Carter Tran,2025-04-10,01:11:31,-07:00,2025-04-10T01:11:31-07:00,0,16
components/ThemeToggle.css,266,css,cb740eff,Carter Tran,2025-04-10,01:11:31,-07:00,2025-04-10T01:11:31-07:00,0,12
components/ThemeToggle.css,267,css,cb740eff,Carter Tran,2025-04-10,01:11:31,-07:00,2025-04-10T01:11:31-07:00,0,11
components/ThemeToggle.css,268,css,cb740eff,Carter Tran,2025-04-10,01:11:31,-07:00,2025-04-10T01:11:31-07:00,0,44
components/ThemeToggle.css,269,css,cb740eff,Carter Tran,2025-04-10,01:11:31,-07:00,2025-04-10T01:11:31-07:00,0,0
components/ThemeToggle.css,270,css,cb740eff,Carter Tran,2025-04-10,01:11:31,-07:00,2025-04-10T01:11:31-07:00,0,0
components/ThemeToggle.css,271,css,cb740eff,Carter Tran,2025-04-10,01:11:31,-07:00,2025-04-10T01:11:31-07:00,0,40
components/ThemeToggle.css,272,css,cb740eff,Carter Tran,2025-04-10,01:11:31,-07:00,2025-04-10T01:11:31-07:00,0,12
components/ThemeToggle.css,273,css,cb740eff,Carter Tran,2025-04-10,01:11:31,-07:00,2025-04-10T01:11:31-07:00,0,13
components/ThemeToggle.css,274,css,cb740eff,Carter Tran,2025-04-10,01:11:31,-07:00,2025-04-10T01:11:31-07:00,0,16
components/ThemeToggle.css,275,css,cb740eff,Carter Tran,2025-04-10,01:11:31,-07:00,2025-04-10T01:11:31-07:00,0,12
components/ThemeToggle.css,276,css,cb740eff,Carter Tran,2025-04-10,01:11:31,-07:00,2025-04-10T01:11:31-07:00,0,9
components/ThemeToggle.css,277,css,cb740eff,Carter Tran,2025-04-10,01:11:31,-07:00,2025-04-10T01:11:31-07:00,0,44
components/ThemeToggle.css,278,css,cb740eff,Carter Tran,2025-04-10,01:11:31,-07:00,2025-04-10T01:11:31-07:00,0,0
components/ThemeToggle.css,279,css,cb740eff,Carter Tran,2025-04-10,01:11:31,-07:00,2025-04-10T01:11:31-07:00,0,0
components/ThemeToggle.css,280,css,cb740eff,Carter Tran,2025-04-10,01:11:31,-07:00,2025-04-10T01:11:31-07:00,0,40
components/ThemeToggle.css,281,css,cb740eff,Carter Tran,2025-04-10,01:11:31,-07:00,2025-04-10T01:11:31-07:00,0,10
components/ThemeToggle.css,282,css,cb740eff,Carter Tran,2025-04-10,01:11:31,-07:00,2025-04-10T01:11:31-07:00,0,11
components/ThemeToggle.css,283,css,cb740eff,Carter Tran,2025-04-10,01:11:31,-07:00,2025-04-10T01:11:31-07:00,0,16
components/ThemeToggle.css,284,css,cb740eff,Carter Tran,2025-04-10,01:11:31,-07:00,2025-04-10T01:11:31-07:00,0,12
components/ThemeToggle.css,285,css,cb740eff,Carter Tran,2025-04-10,01:11:31,-07:00,2025-04-10T01:11:31-07:00,0,11
components/ThemeToggle.css,286,css,cb740eff,Carter Tran,2025-04-10,01:11:31,-07:00,2025-04-10T01:11:31-07:00,0,44
components/ThemeToggle.css,287,css,cb740eff,Carter Tran,2025-04-10,01:11:31,-07:00,2025-04-10T01:11:31-07:00,0,0
components/ThemeToggle.css,288,css,cb740eff,Carter Tran,2025-04-10,01:11:31,-07:00,2025-04-10T01:11:31-07:00,0,0
components/ThemeToggle.css,289,css,8b51e64b,Carter Tran,2025-04-10,23:12:10,-07:00,2025-04-10T23:12:10-07:00,0,39
components/ThemeToggle.css,290,css,8b51e64b,Carter Tran,2025-04-10,23:12:10,-07:00,2025-04-10T23:12:10-07:00,0,39
components/ThemeToggle.css,291,css,8b51e64b,Carter Tran,2025-04-10,23:12:10,-07:00,2025-04-10T23:12:10-07:00,0,39
components/ThemeToggle.css,292,css,8b51e64b,Carter Tran,2025-04-10,23:12:10,-07:00,2025-04-10T23:12:10-07:00,0,39
components/ThemeToggle.css,293,css,8b51e64b,Carter Tran,2025-04-10,23:12:10,-07:00,2025-04-10T23:12:10-07:00,0,39
components/ThemeToggle.css,294,css,8b51e64b,Carter Tran,2025-04-10,23:12:10,-07:00,2025-04-10T23:12:10-07:00,0,39
components/ThemeToggle.css,295,css,8b51e64b,Carter Tran,2025-04-10,23:12:10,-07:00,2025-04-10T23:12:10-07:00,0,40
components/ThemeToggle.css,296,css,8b51e64b,Carter Tran,2025-04-10,23:12:10,-07:00,2025-04-10T23:12:10-07:00,0,59
components/ThemeToggle.css,297,css,8b51e64b,Carter Tran,2025-04-10,23:12:10,-07:00,2025-04-10T23:12:10-07:00,0,0
components/ThemeToggle.css,298,css,8b51e64b,Carter Tran,2025-04-10,23:12:10,-07:00,2025-04-10T23:12:10-07:00,0,0
components/ThemeToggle.css,299,css,cb740eff,Carter Tran,2025-04-10,01:11:31,-07:00,2025-04-10T01:11:31-07:00,0,16
components/ThemeToggle.css,300,css,cb740eff,Carter Tran,2025-04-10,01:11:31,-07:00,2025-04-10T01:11:31-07:00,0,3
components/ThemeToggle.css,301,css,cb740eff,Carter Tran,2025-04-10,01:11:31,-07:00,2025-04-10T01:11:31-07:00,0,24
components/ThemeToggle.css,302,css,cb740eff,Carter Tran,2025-04-10,01:11:31,-07:00,2025-04-10T01:11:31-07:00,0,0
components/ThemeToggle.css,303,css,cb740eff,Carter Tran,2025-04-10,01:11:31,-07:00,2025-04-10T01:11:31-07:00,0,4
components/ThemeToggle.css,304,css,cb740eff,Carter Tran,2025-04-10,01:11:31,-07:00,2025-04-10T01:11:31-07:00,0,28
components/ThemeToggle.css,305,css,cb740eff,Carter Tran,2025-04-10,01:11:31,-07:00,2025-04-10T01:11:31-07:00,0,0
components/ThemeToggle.css,306,css,cb740eff,Carter Tran,2025-04-10,01:11:31,-07:00,2025-04-10T01:11:31-07:00,0,5
components/ThemeToggle.css,307,css,cb740eff,Carter Tran,2025-04-10,01:11:31,-07:00,2025-04-10T01:11:31-07:00,0,24
components/ThemeToggle.css,308,css,cb740eff,Carter Tran,2025-04-10,01:11:31,-07:00,2025-04-10T01:11:31-07:00,0,0
components/ThemeToggle.css,309,css,cb740eff,Carter Tran,2025-04-10,01:11:31,-07:00,2025-04-10T01:11:31-07:00,0,0
app/globals.css,1,css,cb740eff,Carter Tran,2025-04-10,01:11:31,-07:00,2025-04-10T01:11:31-07:00,0,14
app/globals.css,2,css,cb740eff,Carter Tran,2025-04-10,01:11:31,-07:00,2025-04-10T01:11:31-07:00,0,20
app/globals.css,3,css,cb740eff,Carter Tran,2025-04-10,01:11:31,-07:00,2025-04-10T01:11:31-07:00,0,19
app/globals.css,4,css,cb740eff,Carter Tran,2025-04-10,01:11:31,-07:00,2025-04-10T01:11:31-07:00,0,0
app/globals.css,5,css,cb740eff,Carter Tran,2025-04-10,01:11:31,-07:00,2025-04-10T01:11:31-07:00,0,11
app/globals.css,6,css,cb740eff,Carter Tran,2025-04-10,01:11:31,-07:00,2025-04-10T01:11:31-07:00,0,22
app/globals.css,7,css,cb740eff,Carter Tran,2025-04-10,01:11:31,-07:00,2025-04-10T01:11:31-07:00,0,65
app/globals.css,8,css,cb740eff,Carter Tran,2025-04-10,01:11:31,-07:00,2025-04-10T01:11:31-07:00,0,16
app/globals.css,9,css,cb740eff,Carter Tran,2025-04-10,01:11:31,-07:00,2025-04-10T01:11:31-07:00,0,18
app/globals.css,10,css,cb740eff,Carter Tran,2025-04-10,01:11:31,-07:00,2025-04-10T01:11:31-07:00,0,18
app/globals.css,11,css,cb740eff,Carter Tran,2025-04-10,01:11:31,-07:00,2025-04-10T01:11:31-07:00,0,0
app/globals.css,12,css,cb740eff,Carter Tran,2025-04-10,01:11:31,-07:00,2025-04-10T01:11:31-07:00,0,0
app/globals.css,13,css,cb740eff,Carter Tran,2025-04-10,01:11:31,-07:00,2025-04-10T01:11:31-07:00,0,11
app/globals.css,14,css,cb740eff,Carter Tran,2025-04-10,01:11:31,-07:00,2025-04-10T01:11:31-07:00,0,22
app/globals.css,15,css,cb740eff,Carter Tran,2025-04-10,01:11:31,-07:00,2025-04-10T01:11:31-07:00,0,62
app/globals.css,16,css,cb740eff,Carter Tran,2025-04-10,01:11:31,-07:00,2025-04-10T01:11:31-07:00,0,16
app/globals.css,17,css,cb740eff,Carter Tran,2025-04-10,01:11:31,-07:00,2025-04-10T01:11:31-07:00,0,18
app/globals.css,18,css,cb740eff,Carter Tran,2025-04-10,01:11:31,-07:00,2025-04-10T01:11:31-07:00,0,18
app/globals.css,19,css,cb740eff,Carter Tran,2025-04-10,01:11:31,-07:00,2025-04-10T01:11:31-07:00,0,0
app/globals.css,20,css,cb740eff,Carter Tran,2025-04-10,01:11:31,-07:00,2025-04-10T01:11:31-07:00,0,0
app/globals.css,21,css,cb740eff,Carter Tran,2025-04-10,01:11:31,-07:00,2025-04-10T01:11:31-07:00,0,11
app/globals.css,22,css,cb740eff,Carter Tran,2025-04-10,01:11:31,-07:00,2025-04-10T01:11:31-07:00,0,22
app/globals.css,23,css,cb740eff,Carter Tran,2025-04-10,01:11:31,-07:00,2025-04-10T01:11:31-07:00,0,63
app/globals.css,24,css,cb740eff,Carter Tran,2025-04-10,01:11:31,-07:00,2025-04-10T01:11:31-07:00,0,16
app/globals.css,25,css,cb740eff,Carter Tran,2025-04-10,01:11:31,-07:00,2025-04-10T01:11:31-07:00,0,18
app/globals.css,26,css,cb740eff,Carter Tran,2025-04-10,01:11:31,-07:00,2025-04-10T01:11:31-07:00,0,18
app/globals.css,27,css,cb740eff,Carter Tran,2025-04-10,01:11:31,-07:00,2025-04-10T01:11:31-07:00,0,0
app/globals.css,28,css,cb740eff,Carter Tran,2025-04-10,01:11:31,-07:00,2025-04-10T01:11:31-07:00,0,0
app/globals.css,29,css,cb740eff,Carter Tran,2025-04-10,01:11:31,-07:00,2025-04-10T01:11:31-07:00,0,12
app/globals.css,30,css,cb740eff,Carter Tran,2025-04-10,01:11:31,-07:00,2025-04-10T01:11:31-07:00,0,6
app/globals.css,31,css,cb740eff,Carter Tran,2025-04-10,01:11:31,-07:00,2025-04-10T01:11:31-07:00,0,23
app/globals.css,32,css,cb740eff,Carter Tran,2025-04-10,01:11:31,-07:00,2025-04-10T01:11:31-07:00,0,26
app/globals.css,33,css,cb740eff,Carter Tran,2025-04-10,01:11:31,-07:00,2025-04-10T01:11:31-07:00,0,17
app/globals.css,34,css,cb740eff,Carter Tran,2025-04-10,01:11:31,-07:00,2025-04-10T01:11:31-07:00,0,31
app/globals.css,35,css,cb740eff,Carter Tran,2025-04-10,01:11:31,-07:00,2025-04-10T01:11:31-07:00,0,20
app/globals.css,36,css,cb740eff,Carter Tran,2025-04-10,01:11:31,-07:00,2025-04-10T01:11:31-07:00,0,34
app/globals.css,37,css,cb740eff,Carter Tran,2025-04-10,01:11:31,-07:00,2025-04-10T01:11:31-07:00,0,22
app/globals.css,38,css,cb740eff,Carter Tran,2025-04-10,01:11:31,-07:00,2025-04-10T01:11:31-07:00,0,38
app/globals.css,39,css,cb740eff,Carter Tran,2025-04-10,01:11:31,-07:00,2025-04-10T01:11:31-07:00,0,27
app/globals.css,40,css,cb740eff,Carter Tran,2025-04-10,01:11:31,-07:00,2025-04-10T01:11:31-07:00,0,36
app/globals.css,41,css,cb740eff,Carter Tran,2025-04-10,01:11:31,-07:00,2025-04-10T01:11:31-07:00,0,23
app/globals.css,42,css,cb740eff,Carter Tran,2025-04-10,01:11:31,-07:00,2025-04-10T01:11:31-07:00,0,34
app/globals.css,43,css,cb740eff,Carter Tran,2025-04-10,01:11:31,-07:00,2025-04-10T01:11:31-07:00,0,24
app/globals.css,44,css,cb740eff,Carter Tran,2025-04-10,01:11:31,-07:00,2025-04-10T01:11:31-07:00,0,33
app/globals.css,45,css,cb740eff,Carter Tran,2025-04-10,01:11:31,-07:00,2025-04-10T01:11:31-07:00,0,28
app/globals.css,46,css,cb740eff,Carter Tran,2025-04-10,01:11:31,-07:00,2025-04-10T01:11:31-07:00,0,34
app/globals.css,47,css,cb740eff,Carter Tran,2025-04-10,01:11:31,-07:00,2025-04-10T01:11:31-07:00,0,22
app/globals.css,48,css,cb740eff,Carter Tran,2025-04-10,01:11:31,-07:00,2025-04-10T01:11:31-07:00,0,21
app/globals.css,49,css,cb740eff,Carter Tran,2025-04-10,01:11:31,-07:00,2025-04-10T01:11:31-07:00,0,19
app/globals.css,50,css,cb740eff,Carter Tran,2025-04-10,01:11:31,-07:00,2025-04-10T01:11:31-07:00,0,16
app/globals.css,51,css,cb740eff,Carter Tran,2025-04-10,01:11:31,-07:00,2025-04-10T01:11:31-07:00,0,0
app/globals.css,52,css,cb740eff,Carter Tran,2025-04-10,01:11:31,-07:00,2025-04-10T01:11:31-07:00,0,22
app/globals.css,53,css,cb740eff,Carter Tran,2025-04-10,01:11:31,-07:00,2025-04-10T01:11:31-07:00,0,28
app/globals.css,54,css,cb740eff,Carter Tran,2025-04-10,01:11:31,-07:00,2025-04-10T01:11:31-07:00,0,27
app/globals.css,55,css,cb740eff,Carter Tran,2025-04-10,01:11:31,-07:00,2025-04-10T01:11:31-07:00,0,28
app/globals.css,56,css,cb740eff,Carter Tran,2025-04-10,01:11:31,-07:00,2025-04-10T01:11:31-07:00,0,27
app/globals.css,57,css,cb740eff,Carter Tran,2025-04-10,01:11:31,-07:00,2025-04-10T01:11:31-07:00,0,0
app/globals.css,58,css,cb740eff,Carter Tran,2025-04-10,01:11:31,-07:00,2025-04-10T01:11:31-07:00,0,0
app/globals.css,59,css,cb740eff,Carter Tran,2025-04-10,01:11:31,-07:00,2025-04-10T01:11:31-07:00,0,6
app/globals.css,60,css,cb740eff,Carter Tran,2025-04-10,01:11:31,-07:00,2025-04-10T01:11:31-07:00,0,27
app/globals.css,61,css,cb740eff,Carter Tran,2025-04-10,01:11:31,-07:00,2025-04-10T01:11:31-07:00,0,22
app/globals.css,62,css,cb740eff,Carter Tran,2025-04-10,01:11:31,-07:00,2025-04-10T01:11:31-07:00,0,19
app/globals.css,63,css,cb740eff,Carter Tran,2025-04-10,01:11:31,-07:00,2025-04-10T01:11:31-07:00,0,27
app/globals.css,64,css,cb740eff,Carter Tran,2025-04-10,01:11:31,-07:00,2025-04-10T01:11:31-07:00,0,18
app/globals.css,65,css,cb740eff,Carter Tran,2025-04-10,01:11:31,-07:00,2025-04-10T01:11:31-07:00,0,30
app/globals.css,66,css,cb740eff,Carter Tran,2025-04-10,01:11:31,-07:00,2025-04-10T01:11:31-07:00,0,23
app/globals.css,67,css,cb740eff,Carter Tran,2025-04-10,01:11:31,-07:00,2025-04-10T01:11:31-07:00,0,37
app/globals.css,68,css,cb740eff,Carter Tran,2025-04-10,01:11:31,-07:00,2025-04-10T01:11:31-07:00,0,27
app/globals.css,69,css,cb740eff,Carter Tran,2025-04-10,01:11:31,-07:00,2025-04-10T01:11:31-07:00,0,32
app/globals.css,70,css,cb740eff,Carter Tran,2025-04-10,01:11:31,-07:00,2025-04-10T01:11:31-07:00,0,17
app/globals.css,71,css,cb740eff,Carter Tran,2025-04-10,01:11:31,-07:00,2025-04-10T01:11:31-07:00,0,32
app/globals.css,72,css,cb740eff,Carter Tran,2025-04-10,01:11:31,-07:00,2025-04-10T01:11:31-07:00,0,23
app/globals.css,73,css,cb740eff,Carter Tran,2025-04-10,01:11:31,-07:00,2025-04-10T01:11:31-07:00,0,29
app/globals.css,74,css,cb740eff,Carter Tran,2025-04-10,01:11:31,-07:00,2025-04-10T01:11:31-07:00,0,28
app/globals.css,75,css,cb740eff,Carter Tran,2025-04-10,01:11:31,-07:00,2025-04-10T01:11:31-07:00,0,39
app/globals.css,76,css,cb740eff,Carter Tran,2025-04-10,01:11:31,-07:00,2025-04-10T01:11:31-07:00,0,24
app/globals.css,77,css,cb740eff,Carter Tran,2025-04-10,01:11:31,-07:00,2025-04-10T01:11:31-07:00,0,23
app/globals.css,78,css,cb740eff,Carter Tran,2025-04-10,01:11:31,-07:00,2025-04-10T01:11:31-07:00,0,20
app/globals.css,79,css,cb740eff,Carter Tran,2025-04-10,01:11:31,-07:00,2025-04-10T01:11:31-07:00,0,0
app/globals.css,80,css,cb740eff,Carter Tran,2025-04-10,01:11:31,-07:00,2025-04-10T01:11:31-07:00,0,23
app/globals.css,81,css,cb740eff,Carter Tran,2025-04-10,01:11:31,-07:00,2025-04-10T01:11:31-07:00,0,28
app/globals.css,82,css,cb740eff,Carter Tran,2025-04-10,01:11:31,-07:00,2025-04-10T01:11:31-07:00,0,27
app/globals.css,83,css,cb740eff,Carter Tran,2025-04-10,01:11:31,-07:00,2025-04-10T01:11:31-07:00,0,28
app/globals.css,84,css,cb740eff,Carter Tran,2025-04-10,01:11:31,-07:00,2025-04-10T01:11:31-07:00,0,27
app/globals.css,85,css,cb740eff,Carter Tran,2025-04-10,01:11:31,-07:00,2025-04-10T01:11:31-07:00,0,0
app/globals.css,86,css,cb740eff,Carter Tran,2025-04-10,01:11:31,-07:00,2025-04-10T01:11:31-07:00,0,0
app/globals.css,87,css,cb740eff,Carter Tran,2025-04-10,01:11:31,-07:00,2025-04-10T01:11:31-07:00,0,0
app/globals.css,88,css,cb740eff,Carter Tran,2025-04-10,01:11:31,-07:00,2025-04-10T01:11:31-07:00,0,12
app/globals.css,89,css,cb740eff,Carter Tran,2025-04-10,01:11:31,-07:00,2025-04-10T01:11:31-07:00,0,2
app/globals.css,90,css,cb740eff,Carter Tran,2025-04-10,01:11:31,-07:00,2025-04-10T01:11:31-07:00,0,20
app/globals.css,91,css,cb740eff,Carter Tran,2025-04-10,01:11:31,-07:00,2025-04-10T01:11:31-07:00,0,0
app/globals.css,92,css,cb740eff,Carter Tran,2025-04-10,01:11:31,-07:00,2025-04-10T01:11:31-07:00,0,5
app/globals.css,93,css,cb740eff,Carter Tran,2025-04-10,01:11:31,-07:00,2025-04-10T01:11:31-07:00,0,36
app/globals.css,94,css,cb740eff,Carter Tran,2025-04-10,01:11:31,-07:00,2025-04-10T01:11:31-07:00,0,0
app/globals.css,95,css,cb740eff,Carter Tran,2025-04-10,01:11:31,-07:00,2025-04-10T01:11:31-07:00,0,0
app/globals.css,96,css,cb740eff,Carter Tran,2025-04-10,01:11:31,-07:00,2025-04-10T01:11:31-07:00,0,0
app/globals.css,97,css,cb740eff,Carter Tran,2025-04-10,01:11:31,-07:00,2025-04-10T01:11:31-07:00,0,21
app/globals.css,98,css,cb740eff,Carter Tran,2025-04-10,01:11:31,-07:00,2025-04-10T01:11:31-07:00,0,20
app/globals.css,99,css,cb740eff,Carter Tran,2025-04-10,01:11:31,-07:00,2025-04-10T01:11:31-07:00,0,10
app/globals.css,100,css,cb740eff,Carter Tran,2025-04-10,01:11:31,-07:00,2025-04-10T01:11:31-07:00,0,0
app/globals.css,101,css,cb740eff,Carter Tran,2025-04-10,01:11:31,-07:00,2025-04-10T01:11:31-07:00,0,0
app/globals.css,102,css,cb740eff,Carter Tran,2025-04-10,01:11:31,-07:00,2025-04-10T01:11:31-07:00,0,26
app/globals.css,103,css,cb740eff,Carter Tran,2025-04-10,01:11:31,-07:00,2025-04-10T01:11:31-07:00,0,33
app/globals.css,104,css,cb740eff,Carter Tran,2025-04-10,01:11:31,-07:00,2025-04-10T01:11:31-07:00,0,18
app/globals.css,105,css,cb740eff,Carter Tran,2025-04-10,01:11:31,-07:00,2025-04-10T01:11:31-07:00,0,0
app/globals.css,106,css,cb740eff,Carter Tran,2025-04-10,01:11:31,-07:00,2025-04-10T01:11:31-07:00,0,0
app/globals.css,107,css,cb740eff,Carter Tran,2025-04-10,01:11:31,-07:00,2025-04-10T01:11:31-07:00,0,26
app/globals.css,108,css,cb740eff,Carter Tran,2025-04-10,01:11:31,-07:00,2025-04-10T01:11:31-07:00,0,40
app/globals.css,109,css,cb740eff,Carter Tran,2025-04-10,01:11:31,-07:00,2025-04-10T01:11:31-07:00,0,18
app/globals.css,110,css,cb740eff,Carter Tran,2025-04-10,01:11:31,-07:00,2025-04-10T01:11:31-07:00,0,0
app/globals.css,111,css,cb740eff,Carter Tran,2025-04-10,01:11:31,-07:00,2025-04-10T01:11:31-07:00,0,0
app/globals.css,112,css,cb740eff,Carter Tran,2025-04-10,01:11:31,-07:00,2025-04-10T01:11:31-07:00,0,32
app/globals.css,113,css,cb740eff,Carter Tran,2025-04-10,01:11:31,-07:00,2025-04-10T01:11:31-07:00,0,31
app/globals.css,114,css,cb740eff,Carter Tran,2025-04-10,01:11:31,-07:00,2025-04-10T01:11:31-07:00,0,0
app/globals.css,115,css,cb740eff,Carter Tran,2025-04-10,01:11:31,-07:00,2025-04-10T01:11:31-07:00,0,0
app/globals.css,116,css,cb740eff,Carter Tran,2025-04-10,01:11:31,-07:00,2025-04-10T01:11:31-07:00,0,24
app/globals.css,117,css,cb740eff,Carter Tran,2025-04-10,01:11:31,-07:00,2025-04-10T01:11:31-07:00,0,11
app/globals.css,118,css,cb740eff,Carter Tran,2025-04-10,01:11:31,-07:00,2025-04-10T01:11:31-07:00,0,26
app/globals.css,119,css,cb740eff,Carter Tran,2025-04-10,01:11:31,-07:00,2025-04-10T01:11:31-07:00,0,33
app/globals.css,120,css,cb740eff,Carter Tran,2025-04-10,01:11:31,-07:00,2025-04-10T01:11:31-07:00,0,28
app/globals.css,121,css,cb740eff,Carter Tran,2025-04-10,01:11:31,-07:00,2025-04-10T01:11:31-07:00,0,0
